id	bank_ch	site_ch	status	keyed	keyed_text	best	best_text	source	note	question
0	None	(no chapter)	VERIFIED	B	18 years			Aircraft Rules Sch. II (CPL: not less than eighteen years)		The minimum age requirement for a CPL in India as per DGCA is:
1	None	(no chapter)	VERIFIED	B	12 months			Aircraft Rules r.39C(5)		Class 1 Medical Certificate validity for a pilot under 40 years of age is:
2	None	(no chapter)	VERIFIED	B	November			ICAO phonetic alphabet (Annex 10 Vol II / Doc 9432)		In the ICAO phonetic alphabet, the letter 'N' is represented by:
3	ar-9	ar-13	VERIFIED	B	AIP			AIP India AD section		Aerodrome data and facilities are given in
4	ar-3	ar-3	VERIFIED	D	55, 75, 95, 115, 135, 155, 175, 195, 215, 235, 255, 275			Annex 2 App 3 table a (000-179 VFR = odd+500)	India caps VFR at FL150 (AIP ENR 1.2 §4.1): levels above FL150 in option D are not usable in India	An aircraft is following a track of 179º (M) on a VFR plan. The choice of flight levels available to the pilot are:
5	ar-4	ar-7, ar-12	VERIFIED	D	Special precaution while landing should be taken because of the bad state of the Maneuvering area			Annex 2 App 1 4.2.2		A horizontal red square panel with one yellow diagonal means:
6	ar-5	ar-5, ar-6, ar-8	VERIFIED	A	1000 feet up to F410			Doc 4444 5.3.2 (RVSM: 300 m / 1000 ft FL290-FL410)		Above flight level 290 the minimum vertical separation between aircraft on reciprocal tracks in RVSM area is
7	ar-6	ar-4	VERIFIED	A	2 minutes			Doc 4444 5.8.3.1 (2 min light/medium behind heavy)		Wake turbulence separation minima for Take off, if a light aircraft is to take off behind a heavy or a medium aircraft is:
8	ar-3	ar-3	VERIFIED	B	F 150			AIP India ENR 1.2 §4.1 "VFR flights shall not be operated above FL150"		All flights above_________ flight levels are to be cleared IFR irrespective of weather Conditions
9	ar-7	ar-9, ar-11	VERIFIED	C	NOTAM			AIP India GEN 3.1 (NOTAM: establishment, condition or change of facility/service)		If there is a temporary change in the aeronautical services it is intimated through
10	ar-5	ar-5, ar-6, ar-8	DROPPED (recommended)	A	460			unanswerable as printed	stem lost a word in extraction ("can be flown in ___"); no rule in any held source sets a highest FL of 460	The highest flight level that can be flown in is
11	ar-13	ar-18	VERIFIED	C	Air report			Doc 4444 def. Air-report		A report received from an aircraft giving a position and /or met report is called
12	ar-8	ar-19, ar-21	VERIFIED	A	Mode A code 7500			Annex 2 App 2 / Doc 4444 (A7500 unlawful interference)		During flight as a pilot you are subjected to unlawful interference .On SSR you should set
13	ar-13	ar-18	VERIFIED	C	Spot Wind, Air Temperature, Icing, Turbulence			Doc 4444 4.12 (Section 3 = meteorological information)		What information is included in the third section of an Air report?
14	ar-9	ar-13	VERIFIED	B	30 minutes			Doc 4444 4.4.2.1.2 (30 min delay, controlled flight: amend or new FPL)		A fresh flight plan is to be filed if a scheduled controlled flight is delayed by more than
15	ar-6	ar-4	VERIFIED	D	not required			Doc 4444 5.8.3 (no wake minimum prescribed for heavy behind heavy)		The minimum wake turbulence time separation for a heavy aircraft to land behind a heavy aircraft is
16	ar-13	ar-18	FLAGGED	C	Air temperature, Turbulence, Upper winds & aircraft Icing & humidity	C	Air temperature, Turbulence, Upper winds & aircraft Icing & humidity	Doc 4444 4.12 Section 3	"humidity" is not in the current air-report list; C still closest	The air report contains following items:
17	ar-6	ar-4	VERIFIED	A	Visibility falls below 5 km or cloud ceiling is less than 1500 feet			AIP India ENR 1.2 §2 (VFR needs clearance below 1500 ft ceiling / 5 km); Doc 4444 7.14		At an aerodrome special VFR may be authorized when
18	ar-9	ar-13	VERIFIED	C	Scheduled aircraft			Aircraft Rules r.140C		Routes guides are required to be carried by :
19	ar-9	ar-13	VERIFIED	B	AAI			AIP India GEN 3.1 (AIS provided by AAI)		AIP India is published by
20	ar-13	ar-18	DROPPED (recommended)	B	0 degrees at the horizon			unanswerable as printed	stem lost its first words; sunrise/sunset definition cannot be tested as written	time of an Airport in calculated for an altitude of the Sun
21	ar-13	ar-18	VERIFIED	A	8NMs			Doc 4444 12.3 Note / Doc 9432 4.7.1 (straight-in: LONG FINAL at 8 NM)		An Aircraft shall report “long final” when it is at _________ from the approach end of the rwy
22	ar-13	ar-18	VERIFIED	B	ATS and Met information			CAR Sec 9 Series E Pt I 4.3.4 (ATIS contents: operational and met information)		‘ATIS’ is a continuous broadcast of recorded information concerning:
23	ar-5	ar-5, ar-6, ar-8	VERIFIED	C	0427 hrs			Doc 4444 5.4.2.2.1.2 a) (crossing tracks 15 min)	duplicate #152, #750	An aircraft is on a track of 030º (M) and reports crossing a point at 0412 Hrs at F370. Other aircraft at F370 on a track of 100º(M) can cross the same point not earlier than:
24	ar-5	ar-5, ar-6, ar-8	VERIFIED	C	0225 hrs			Doc 4444 5.4.2.2.3 (reciprocal: vertical separation 10 min before estimated passing)	equal speeds meet at 0235; 0235-10 = 0225. Duplicate #153	An ac at F390 crosses a point at 0210 hrs wishes to descent to F310. There is reciprocal traffic estimating to cross same point at 0300hrs maintaining F 330. By what time the descending aircraft should reach F310 if both aircraft maintain same speed?
25	ar-3	ar-3	VERIFIED	B	Flight of aircraft is totally prohibited.			Annex 2 Ch1 def. Prohibited area; Aircraft Rules r.3(44)/r.12		A prohibited area is an area over which:
26	ar-7	ar-9, ar-11	VERIFIED	B	that weather at the airport located in Class D airspace is below basic VFR weather minimums			FAA AIM 2-1-9 (daylight beacon in Class B-E surface areas often indicates visibility < 3 miles and/or ceiling < 1000 ft)	FAA-specific	An airport’s rotating beacon operated during daylight hours indicates
27	ar-6	ar-4	VERIFIED	B	light, quartering tailwind			FAA AIM 7-4 "THE LIGHT QUARTERING TAILWIND REQUIRES MAXIMUM CAUTION"		The wind condition that requires maximum caution when avoiding wake turbulence on landing is a
28	ar-10	ar-22, ar-25, ar-26	VERIFIED	B	a series of short, regularly spaced eye movements to search each 10-degree sector			FAA AIM 8-1-6 (eye movements not exceeding 10 degrees per sector)		The most effective method of scanning for other aircraft for collision avoidance during daylight hours is to use
29	ar-9	ar-13	VERIFIED	C	Non-control information in selected high-activity terminal areas			CAR Sec 9 Series E Pt I def. ATIS (current, routine information to arriving and departing aircraft)	option C is FAA wording; same meaning	Automatic Terminal Information Service (ATIS) is the continuous broadcast of recorded information concerning
30	ar-5	ar-5, ar-6, ar-8	VERIFIED	A	The current local altimeter setting, if available, or the departure airport elevation			AIP India ENR 1.7 §3 (QNH given in taxi clearance for take-off); 14 CFR 91.121		Prior to takeoff, the altimeter should be set to which altitude or altimeter setting?
31	ar-6	ar-4	VERIFIED	A	At or above F150.			AIP India ENR 1.7 §4.3 (IFR at or above FL150)		Flight must invariably be conducted in accordance with Instrument Flight Rules, even during broad day light, when aircraft are flown.:
32	ar-13	ar-18	VERIFIED	B	Estimated off block time			Doc 4444 App 2 Item 13 (EOBT)		What time is filled in item 13 of flight plan?
33	ar-6	ar-4	VERIFIED	A	5 kms			AIP India ENR 1.2 §1		The visibility reqd. when flying at (or) below 3000’ in a controlled airspace
34	ar-13	ar-18	VERIFIED	B	TAS			Doc 4444 App 2 Item 15 (TAS)		What speed is filled in item 15 of flight plan:
35	ar-13	ar-18	CORRECTED (proposed, not applied)	B	3 mins	D	2 mins	CAR Sec 9 Series C Pt I 3.6.2.2 d) (time estimate change "in excess of two minutes")	keyed B (3 min) is the pre-amendment ICAO figure	The pilot has to inform the ATC if the ETA changes by
36	ar-4	ar-7, ar-12	VERIFIED	C	Magnetic North			FAA AIM 2-3-3 "runway number is the whole number nearest one-tenth the magnetic azimuth"	duplicate #514	Runaway direction is measured from:
37	ar-7	ar-9, ar-11	VERIFIED	B	Cut Engines			Annex 2 App 1 5.10 (cut engines: slicing motion across throat)		If the marshaller has either arm placed level with shoulder and moved laterally across throat indicates
38	ar-9	ar-13	VERIFIED	B	During hours of night.			Aircraft Rules Sch. II (no IFR without IR) + CAR Sec 9 Series C Pt I 4.3 (VFR only until 20 min after sunset)	ATC may exempt flying-club local flights at night (AIP ENR 1.2 3)	A pilot not having an instrument rating cannot fly :
39	ar-5	ar-5, ar-6, ar-8	VERIFIED	B	15 Mins			Doc 4444 5.4.2.2.2.1 a) (15 min while vertical separation does not exist)		If a climbing a/c is crossing the level of another a/c the separation required is
40	ar-7	ar-9, ar-11	VERIFIED	C	A white or orange capital T; land along the stem towards the crosspiece			Annex 2 App 1 4.2.5.1 (white or orange landing T)		What shape and colour is a landing direction indicator?
41	ar-7	ar-9, ar-11	VERIFIED	C	With a white cross on the surface			Air Law textbook 22.15 (closed marking white on runways)		How should a close part of a runway be marked?
42	ar-6	ar-4	VERIFIED	B	5000 meters			AIP India ENR 1.2 §1 (5 km below 10000 ft)		What is the minimum flight visibility for flight in VFR if an aircraft is flying at 5000 feet in Class G airspace at a speed of 120 knots and in sight of the surface?
43	ar-8	ar-19, ar-21	VERIFIED	C	The alert phase			Doc 4444 def. Alert phase		What is correctly defined as “A situation wherein apprehension exists as to the safety of an aircraft and its occupants?
44	ar-9	ar-13	VERIFIED	C	In the open.			Aircraft Rules r.25A(2)(a) (fuelling outdoors)		An aircraft should be refueled:
45	ar-6	ar-4	VERIFIED	C	first report after 30 mins and subsequent after 60 mins			Doc 4444 4.11.1.2 (first half hour, then hourly)		Position report shall be made after every _______, where no standard reporting points exist .
46	ar-6	ar-4	VERIFIED	B	20 NM			Doc 4444 5.4.2.3.3.1 a) / Fig 5-21 (20 NM DME same track same level)		DME separation between A/C on same track, same level and in same direction is
47	ar-6	ar-4	VERIFIED	A	of the pilot.			AIP India ENR 1.4 "responsibility of terrain clearance remains with the flight crew of VFR flight at all times"		An aircraft on a Special VFR flight has been cleared for “straight in “approach. Because of low ceiling and poor visibility, the pilot is concerned about the exact location of a radio mast in the vicinity. Avoiding this obstruction is the responsibility
48	ar-7	ar-9, ar-11	VERIFIED	D	Used for taxiing, taking off and landing.			Annex 2 def. Manoeuvring area		The maneuvering area of an airport is that area
49	ar-6	ar-4	VERIFIED	C	Provided flight visibility is 5000 m.			AIP India ENR 1.2 §1		VFR flight in class F airspace above 3000’ msl and below 10,000 ‘MSL.
50	ar-4	ar-7, ar-12	FLAGGED	A	The lowest published altitude, which meets obstacle clearance requirements and assures acceptable navigational signal coverage.	A	The lowest published altitude, which meets obstacle clearance requirements and assures acceptable navigational signal coverage.	no ICAO definition of MEA held; A matches the FAA 14 CFR 1.1 wording	ICAO uses MEA without the same definition; option C is a truncated fragment (parser damage)	What is the definition of MEA?
51	ar-9	ar-13	VERIFIED	D	with in a radius of 10 kms			Aircraft Rules Sch. I (4) (10 km radius Mathura refineries); AIP ENR 5.1		Prohibition of flights over refinery:
52	ar-5	ar-5, ar-6, ar-8	VERIFIED	D	Mode A 7600			Annex 2 / Doc 4444 SSR code 7600 (radio failure)		Following failure of two way radio communications the pilot should select one of the following on the transponder :
53	ar-3	ar-3	VERIFIED	A	Both aircraft alter heading to starboard			Annex 2 3.2.2.2		When two aircraft are approaching head on, the rules of the air require that
54	ar-2	ar-2, ar-14, ar-15	VERIFIED	C	12 months			Aircraft Rules Sch. II (IR validity 12 months; recorded as verified 2026-09-05)		An Instrument Rating Test is valid before renewal for:
55	ar-3	ar-3	VERIFIED	D	Green navigation light			14 CFR 25.1385/25.1387 (green on right, 110°)	you are at his 100° relative = inside his right 110° arc	While flying at night another aircraft reports that you are on a relative bearing of 100 degrees from him . You should see his:
56	ar-6	ar-4	VERIFIED	D	3 minutes			Doc 4444 5.8.3.2 (3 min, intermediate part of runway)		A light aircraft taking off from an intermediate position on the runway after a heavy aircraft requires a wake vortex separation of :
57	ar-6	ar-4	VERIFIED	B	Is expected to leave the hold and commence its approach			Doc 4444 def. Expected approach time		EAT is the time that an aircraft :
58	ar-5	ar-5, ar-6, ar-8	VERIFIED	C	1000ft or 2000ft depending on whether or not the aircraft are in RVSM airspace			Doc 4444 5.3.2		Above 30000 ft the vertical separation between aircraft on reciprocal tracks will be:
59	ar-8	ar-19, ar-21	VERIFIED	D	All of the above			Doc 4444 4.12.3.1 (special air-reports: severe turbulence, severe icing ...)		An aircraft Captain should transmit special aircraft observations when he encounters:
60	ar-6	ar-4	VERIFIED	B	5nm			Doc 4444 8.7.3.1 (5 NM)		Normal horizontal separation provided by radar units is:
61	ar-10	ar-22, ar-25, ar-26	VERIFIED	B	Lethargy, nausea, headache & complexion			FAA AIM 8-1 (CO: headache, drowsiness, dizziness)	option B text damaged ("complexion")	The possible symptoms of carbon monoxide poisoning are :
62	ar-10	ar-22, ar-25, ar-26	VERIFIED	C	24 hours			HPL textbook ch.3 "Flying and diving" (avoid flying for 24 hours if 30 ft exceeded)		If a pilot goes scuba diving to a depth of 30 feet for more than 10 mts , he / she should not fly within :
63	ar-4	ar-7, ar-12	VERIFIED	C	Do not land, give way to other aircraft and continue circling			Annex 2 App 1 3.1 (steady red, in flight: give way to other aircraft and continue circling)		A continuous red beam directed at an aircraft from the ATC tower means :
64	ar-3	ar-3	VERIFIED	B	at the lower altitude ,but the pilot shall not take advantage of this rule to cut in front of or to to overtake the other aircraft.			Annex 2 3.2.2.5.2		Two aircraft of the same category are approaching an airport for the purpose of landing. The right-of-way belongs to the aircraft.
65	ar-6	ar-4	VERIFIED	C	5 Km visibility; and 1000 feet below.			AIP India ENR 1.2 §1		What is the minimum flight visibility and proximity to cloud requirement s for VFR flight, at 6500 feet MSL, in Class D airspace?
66	ar-5	ar-5, ar-6, ar-8	VERIFIED	B	Class F			AIP India ENR 1.4 Class F (air traffic advisory service)		Air Traffic Advisory Service is provided in airspace classified as
67	ar-6	ar-4	VERIFIED	C	Beyond the jet’s touchdown point .			FAA AIM 7-4 "note its touchdown point - land beyond it"		When landing behind a large jet aircraft ,at which point on the runway should you plan to land ?
68	ar-5	ar-5, ar-6, ar-8	VERIFIED	C	7000 feet.			calculation: (1013-996)=17 hPa x ~30 ft = ~510 ft; 6500+510 = ~7000 ft		At an altitude of 6500 feet MSL the current altimeter setting is 996 hPa. The pressure altitude would be approx.
69	ar-6	ar-4	FLAGGED	C	May persist for two minutes or more	C	May persist for two minutes or more	FAA AIM 7-4 (vortices diminish in strength with time and distance)	"two minutes or more" is not stated verbatim in any held source	Hazardous wake turbulence caused by aircraft in still air
70	ar-6	ar-4	VERIFIED	B	Heavy, clean configuration and slow speed.			FAA AIM 7-4 "greatest vortex strength ... HEAVY, CLEAN, and SLOW"		Wake turbulence will be greatest when generated by an aeroplane which is
71	ar-3	ar-3	VERIFIED	B	95			Annex 2 App 3 (000-179 VFR = odd+500 -> FL95)		While flying on a magnetic track of 140 degrees the aircraft on VFR plan will select the following levels:
72	ar-7	ar-9, ar-11	VERIFIED	A	Stop			Annex 2 App 1 5.6 (stop)	older wording of the stop signal	The marshalling signal - “arms extended overhead, palms facing inwards, arms swung from The extended position inwards “means:
73	ar-9	ar-13	VERIFIED	D	Only if the certificate of airworthiness of the aircraft permits.			Aircraft Rules r.25(2)		Smoking on a private aircraft is permitted:
74	ar-2	ar-2, ar-14, ar-15	VERIFIED	D	If specially permitted in writing by the central govt.			Aircraft Rules r.5 proviso (special permission in writing of the Central Government)		An aircraft without registration markings can be flown only
75	ar-10	ar-22, ar-25, ar-26	VERIFIED	B	12 hrs before commencement of flight.			Aircraft Rules r.24 via CAR Sec 5 F Pt III 1.3 (12 hours before commencement of flight)		The member of operating crew shall not have taken alcoholic drinks:
76	ar-7	ar-9, ar-11	VERIFIED	A	Two red lights and two white			CAR Sec 4 Series B Pt I 5.3.5 (on slope: two red, two white)		At the correct height on the approach to runway with PAPIs pilot should see:
77	ar-3	ar-3	VERIFIED	A	250KTS IAS			AIP India ENR 1.4 table (250 kt IAS below 10000 ft, classes D-G); ENR 1.1		The maximum speed for an aircraft flying in class F or G airspace below F 100 is:
78	ar-3	ar-3	VERIFIED	D	Cannot be sued.			Bharatiya Vayuyan Adhiniyam 2024 s.39 ("No suit shall be brought ... in respect of trespass or ... nuisance by reason only of the flight of aircraft over any property at a height ... reasonable" having regard to wind and weather)	s.39 bars trespass/nuisance suits only; a damages claim for actual harm is a separate matter	A pilot flying low due to thunder showers for safety reasons can be sued by:
79	ar-3	ar-3	FLAGGED	B	At the lower altitude, but the pilot shall not take advantage of this rule to cut in front of or to overtake the other aircraft	B	At the lower altitude, but the pilot shall not take advantage of this rule to cut in front of or to overtake the other aircraft	Annex 2 3.2.2.5.2	best option B, but 3.2.2.5.2 ends "Nevertheless, power-driven heavier-than-air aircraft shall give way to gliders" - for DIFFERENT categories that exception is the point; explanation says the rule does not distinguish categories, which is wrong	Two aircraft of the different category are approaching an airport for the purpose of landing. The right-of-way belongs to the aircraft
80	ar-6	ar-4	VERIFIED	C	Light quartering tailwind			FAA AIM 7-4	as #27	What wind condition prolongs the hazards of wake turbulence on a landing runway for the longest period of time ?
81	ar-5	ar-5, ar-6, ar-8	VERIFIED	C	the pressure level set in the barometric window .			altimeter principle - indicates height above the pressure level set on the subscale		The altimeter indicates the aircraft altitude in relation to
82	ar-5	ar-5, ar-6, ar-8	VERIFIED	B	29.92”			AIP India ENR 1.7 §2.1.3 (FL 0 at 1013.2 hPa / 29.92 in)		The pressure altitude at a given location is indicated on the altimeter after the altimeter is set to
83	ar-6	ar-4	VERIFIED	C	dissipate slowly			FAA AIM 7-4 (sink slowly, diminishing with time)		During the two minutes after the passage of a heavy aeroplane in cruising flight, hazardous wing tip vortices will
84	ar-6	ar-4	VERIFIED	A	Could cause one vortex to remain over the runway for sometime			FAA AIM 7-4 (light crosswind: upwind vortex may remain in touchdown zone)		What effect would a light crosswind have on the wing tip vortices generated by a large aeroplane that had just taken off ?
85	ar-7	ar-9, ar-11	VERIFIED	C	4			CAR Sec 4 Series B Pt I (Aerodrome Design & Ops, Dec 2025) 5.2.6.3 (LDA 1500 m up to 2400 m: 4 pairs)		LDA for runway 27 at an aerodrome is 1599mts .Pair of touchdown zone markings for this runway will be:
86	ar-3	ar-3	CORRECTED (proposed, not applied)	A	2 hrs & 46 minutes.	D	3 hrs & 06	CAR Sec 9 Series C Pt I 4.3 ("VFR flights shall be operated during the period from 20 minutes before sunrise to 20 minutes after sunset"); AIP ENR 1.2 3	sunset 1318 + 20 = 1338; 1338 - 1032 = 3 h 06 = option D. Keyed A (to sunset) is the old rule	An aerial work aircraft on a VFR plan to Jaipur departs at 1032 hrs UTC. Sunset time at Jaipur is 1318 UTC. The flying time available to him to reach jaipur is :
87	ar-9	ar-13	FLAGGED	C	8	C	8	CAR Sec 4 Series B Pt I 5.2.4.5 (18 m 4; 23 m 6; 30 m 8; 45 m 12; 60 m 16)	25 m is not a tabulated width; question malformed	Number of threshold stripes on a runway of 25 m width shall be:
88	ar-7	ar-9, ar-11	VERIFIED	D	Yellow			Air Law textbook 20.30 (intermediate holding: single broken yellow line)		Colour of intermediate holding position markings shall be:
89	ar-2	ar-2, ar-14, ar-15	VERIFIED	C	Is modified or repaired otherwise than in accordance with the provisions of the rules.			Aircraft Rules r.55(1)(b) (deemed suspended when modified/repaired otherwise than per the rules)		The “Certificate of Airworthiness” of an aircraft shall be deemed to be suspended when an aircraft:
90	ar-9	ar-13	VERIFIED	C	As specified in the certificate of the Airworthiness			Aircraft Rules r.38A(7) (minimum crew - as specified in the C of A)		Minimum crew required on private aircraft is:
91	ar-9	ar-13	VERIFIED	C	Sealed in zinc and packed in a wooden box. Closed in a shell of zinc, joints sealed, shell enclosed in a teak wooden box which is enclosed in zinc lined box, filled with saw dust impregnated with carbolic powder. Permitted by the DGCA.			Aircraft (Public Health) Rules 1954 r.41 (cholera not in the prohibited list) and r.45(2)(a) (zinc shell, hermetically soldered, teak coffin, zinc-lined case, sawdust with carbolic powder)		A person dies of cholera, his body can be brought to if:
92	ar-9	ar-13	FLAGGED	C	9 hrs and 3 landings	C	9 hrs and 3 landings	CAR Sec 7 J Pt III (Issue III, 2019)	domestic/international 2-crew "9 hrs 3 landings" table no longer exists; current limits are FT x FDP x landings (9 h FT -> 13:00 FDP, 2 landings). Outdated - recommend rewrite	FDTL for 2 crew international flight is ______ hrs and _____ landing.
93	ar-6	ar-4	VERIFIED	C	Only IFR flights are permitted.			AIP India ENR 1.4 Class A		In class A airspace
94	ar-6	ar-4	VERIFIED	D	all are correct			AIP India ENR 1.4 Class D		In class D air space
95	ar-9	ar-13	VERIFIED	C	Aircraft involved in scheduled transport services			Aircraft Rules r.140C		Route guides are required to be carried in
96	ar-9	ar-13	VERIFIED	B	for all aircraft operating within ADIZ			AIP India ENR 5.2.2 (ADC for all flights in/into ADIZ)		ADC clearance is required to be obtained
97	ar-2	ar-2, ar-14, ar-15	VERIFIED	B	5 years from the date of last entry			Aircraft Rules r.67A(3) (log books preserved not less than 5 years after last entry)		Pilots log book is to be preserved for
98	ar-7	ar-9, ar-11	VERIFIED	B	gliding in progress			Annex 2 App 1 4.2.6 (double white cross: gliders)		A double white cross displayed on a signal square indicate
99	ar-2	ar-2, ar-14, ar-15	VERIFIED	C	1 year if age is less than 40 years			Aircraft Rules r.39C(5) (medical 12 months, 6 months past age 40)		Medical for a CPL holder is valid for
100	ar-9	ar-13	VERIFIED	A	Domestic routes			CAR Sec 9 Series E Pt I App 1 2.2 c) (H, J, V, W: routes not part of the regional network)		Letter ‘W’ in designator indicates:
101	ar-6	ar-4	VERIFIED	D	all are correct			Doc 4444 4.11.1		Position report is required to be given when
102	ar-7	ar-9, ar-11	VERIFIED	A	Aerodrome elevation			CAR Sec 4 Series B Pt I def. Aerodrome elevation (highest point of the landing area)		The highest point on the landing area is called:
103	ar-9	ar-13	FLAGGED	C	A red light visible 30deg above and below the horizon of the aircraft which is visible in all directions	C	A red light visible 30deg above and below the horizon of the aircraft which is visible in all directions	14 CFR 25.1401(b) (coverage 75 deg above and below)	"30 deg above and below" is an old/light-aircraft figure; wording outdated	Anti-collision light is a light :
104	ar-12	ar-16, ar-17, ar-20	VERIFIED	D	Prepared by the operator and authorized by the DGCA			Aircraft Rules r.140B(1) (Operations Manual in the form approved by the Director-General)		Operational Manual is:
105	ar-6	ar-4	VERIFIED	B	F 120			AIP India ENR 1.7		An aircraft is commencing descend from its initial FL 290 over . The altimeter reads 12000 ft. The commander will report his vertical distance to the ATC in terms of:
106	ar-3	ar-3	VERIFIED	D	55, 75, 95, 115, 135, 155, 175, 195, 215, 235, 255, 275			Annex 2 App 3	duplicate of #4	An aircraft is following a track of 179º (M) on a VFR plan . The choice of flight levels available to the pilot is:
107	ar-9	ar-13	FLAGGED	D	3.7 km			CAR Sec 8 Series C Pt I (2022/2026)	the old "3.7 km for operators who have not filed minima" table no longer exists; outdated	The visibility minima for those Airlines who have not filed their own Minima with the DGCA for an airport for Non Precession approach is:
108	ar-9	ar-13	VERIFIED	D	1000			CAR Sec 7 J Pt III 8.5 (1000 h in 365 days)		Max flying hours for a flight crew in one year is: ______ hrs
109	ar-9	ar-13	VERIFIED	C	Operator & is approved by DGCA			CAR Sec 8 Series C Pt I 4.2 (operator establishes; method approved by DGCA)		Aerodrome operation minima is given by
110	ar-2	ar-2, ar-14, ar-15	VERIFIED	B	6 months			Aircraft Rules r.39C(5)		If the age of a CPL holder is more than 40 years the validity of medical is for_________
111	ar-9	ar-13	VERIFIED	B	To inform health officer of destination aerodrome at least two hrs before landing.			Aircraft (Public Health) Rules 1954 r.3(1)-(2)(b) (health report by wireless not less than two hours out from the airport in India)	applies to aircraft on the way to India from outside India	If a passenger falls sick on board an a/c and he is suspected of any infectious disease then PIC’s action is:
112	ar-8	ar-19, ar-21	VERIFIED	D	All of the above are correct			Aircraft (Investigation of Accidents and Incidents) Rules 2025 r.7(3)(a) (removal to extricate persons or animals dead or alive, prevent destruction)		The wreckage of crashed aircraft on R/W/ can be removed to:
113	ar-3	ar-3	FLAGGED	D	Matter is to be reported to DGCA as an incident			Aircraft Rules r.3 (def. incident: "(b) the aircraft makes a forced landing")	forced landing IS an incident, but no source held says anything about the condition for taking off again; the option does not answer the stem	An aircraft force lands at an uncontrolled aerodrome, it can take off again:
114	ar-9	ar-13	FLAGGED	A	is calculated as per the FDTL	A	is calculated as per the FDTL	CAR Sec 7 J Pt III 2.1 / 14	CAR applies to scheduled air transport crew; a "trainee pilot" is not defined there	The duty time of the trainee pilot:
115	ar-6	ar-4	VERIFIED	B	With in Local Flying Area of the aerodrome			Aircraft Rules r.6B (qualifying flights within the local flying area)		A pilot can fly an aircraft which is not entered in the aircraft rating of his license for endorsement on his licence
116	ar-9	ar-13	VERIFIED	B	100 hrs PIC & 30 hrs as Co pilot			Aircraft Rules r.42A (125 h in 30 days; co-pilot time counted at 80 %: 100 + 30x0.8 = 124)	only option within 125	A pilot can fly in 30 consecutive days
117	ar-9	ar-13	VERIFIED	C	43 meters			Aircraft Rules r.25A(2)(n) (43 m, turbo-jet outlets)		When an aircraft is being refueled, the refueling must be stopped if a jet aircraft crosses with in a distance of:
118	ar-3	ar-3	VERIFIED	B	Within 2 nm of nearest perimeter of aerodrome			CAR Sec 9 Series C Pt I (Rules of the Air, 2024) 3.1.7.2(b) (no aerobatics within 2 NM of the aerodrome perimeter unless above 1800 m / 6000 ft)		At an aerodrome the aerobatics are to be carried out above 6000 feet
119	ar-8	ar-19, ar-21	VERIFIED	A	25 hours			CAR Sec 2 Series I Pt V (FDR retains at least the last 25 hours)		The FDR has record of operation of preceding
120	ar-8	ar-19, ar-21	FLAGGED	B	At least 30 minutes			CAR Sec 2 Series I Pt VI 4.3.1 ("All CVRs/CARS shall retain the information recorded during at least the last 2 hours")	keyed B (30 min) is outdated; no option says 2 hours	The CVR has the capability of recording information
121	ar-8	ar-19, ar-21	VERIFIED	B	Help in accident investigation			CAR Sec 8 Series O Pt II def. Flight recorder (installed for the purpose of complementing accident/incident investigation)		The CVR is fitted in an aircraft to
122	ar-8	ar-19, ar-21	FLAGGED	C	a&b Both are correct	C	a&b Both are correct	not verified	FDR purpose is investigation; "monitor performance" is flight-data monitoring, a separate programme	The FDR is fitted in an aircraft to
123	ar-3	ar-3	VERIFIED	C	Scan slowly to center off vision			Human Performance textbook, Eye ch., Night vision (fovea has no rods; look slightly away)		The most effective way to use eyes at night is
124	ar-13	ar-18	VERIFIED	C	Air report			as #11		39R. A report received from an aircraft giving a position and /or met report is called
125	ar-8	ar-19, ar-21	VERIFIED	A	Mode A code 7500			as #12		During flight as a pilot you are subjected to unlawful interference .On SSR you should to set
126	ar-9	ar-13	VERIFIED	B	Within 5 nm of an aerodrome upto 1000’			AIP India ENR 5.2.2 (local flights within 5 NM of ARP, 1000 ft AGL)		ADC is not required
127	ar-9	ar-13	VERIFIED	B	30 minutes			as #14		A fresh flight plan is to be filled if a scheduled flight is delayed by more than
128	ar-6	ar-4	FLAGGED	D	Red, Green, Blue, Amber & White			CAR Sec 9 Series E Pt I App 1 (designators are letters + number)	colour-coded route designators are obsolete; outdated	The designators for world wide ATS routes are in which colour
129	ar-7	ar-9, ar-11	FLAGGED	C	Out side the stipulated time	C	Out side the stipulated time	Annex 2 def. Danger area (activities may exist at specified times)	a danger area is not closed to flight; A and B are also defensible. Ambiguous question	An aircraft can fly over a danger area
130	ar-4	ar-7, ar-12	VERIFIED	D	All of the above are correct			Annex 2 App 1 1.4 (10-second red/green projectiles: restricted, prohibited or danger area)		A series of red and green projectiles fired at an interval of 10 sec means
131	ar-9	ar-13	VERIFIED	C	Prohibited area.			Aircraft Rules Sch. I (4); AIP ENR 5.1		Mathura Refinery is a:
132	ar-7	ar-9, ar-11	VERIFIED	A	3 parts (GEN, ENR & AD)			AIP India structure GEN/ENR/AD (GEN 3.1)		AIP consists of:
133	ar-7	ar-9, ar-11	CORRECTED (proposed, not applied)	C	Once every year in the month of April of each year	D	On as required basis	CAR Sec 9 Series I Pt I 6.3.1.1 ("AIP shall be amended or reissued at such regular intervals as may be necessary"); AIRAC 28-day cycle	keyed C (once a year in April) has no basis in the current CAR	Regular amendments to the AIP will be:
134	ar-10	ar-22, ar-25, ar-26	CONSISTENT (not document-checked)	A	Rising or falling			FAA knowledge-test doctrine (centrifugal force sensed as rising/falling)	no held source quotes it verbatim	Without visual aid, a pilot often interprets centrifugal force as a sensation of:
135	ar-9	ar-13	VERIFIED	B	Indian Air Space			AIP India ENR 1.1 10.9 ("Transonic and Supersonic phases of flight are not permitted over Indian airspace")		A flight , which exceeds Mach number-1 , cannot fly over:
136	ar-9	ar-13	VERIFIED	A	Send a radio message two hours before the arrival about the state of the health of the passenger			Aircraft (Public Health) Rules 1954 r.3 and r.10(2) (health report must state persons from a yellow fever infected area; sent not less than 2 h out)		A passenger visited a yellow fever infected area on the previous six days, but is not in possession of valid yellow fever certificate, then action taken by PIC of the flight is:
137	ar-10	ar-22, ar-25, ar-26	VERIFIED	A	Pilot disorientation			FAA AIM 8-1 (Coriolis illusion from abrupt head movement)		Abrupt head movement during a prolonged constant rate turn in IMC or simulated instrument condition can cause:
138	ar-6	ar-4	VERIFIED	C	Class F in applicable to airspace outside CTAs/TMAs/CTRs/ATZs			AIP India ENR 1.4 (Class F is designated ATS route segment outside CAS - C is the incorrect statement)		Which of the following statements is not correct for classification of Airspace in ?
139	ar-10	ar-22, ar-25, ar-26	VERIFIED	A	Tumbling backwards			FAA AIM 8-1 (illusion of tumbling backwards)		An abrupt change from climb to straight and level flight can create the illusion of:
140	ar-10	ar-22, ar-25, ar-26	VERIFIED	B	Being in a nose up attitude			FAA AIM 8-1 (illusion of nose-up attitude)		A rapid acceleration during takeoff can create the illusion of:
141	ar-6	ar-4	VERIFIED	B	An incident			Aircraft Rules r.3 def. incident (b) forced landing		A Cessna 152 aircraft force lands at a wheat field due to shortage of fuel. It will be reported as:
142	ar-1	ar-1	VERIFIED	B	Stop bar which is lighted			Annex 2 3.2.2.7.3 (stop and hold at lighted stop bars)		A pilot should never cross a:
143	ar-9	ar-13	FLAGGED	C	Number of landings			CAR Sec 7 J Pt III 14.2 (base training: 18+2 landings)	current CAR does restrict landings; keyed C is outdated - no option correct	FDTL for training flights does not restrict:
144	ar-10	ar-22, ar-25, ar-26	VERIFIED	B	Steeper			HPL textbook, Black Hole Effect (illusion of being too high - approach appears steep)		For a flight at night in VMC, the approach will appear to be
145	ar-4	ar-7, ar-12	VERIFIED	C	Precision Approaches			PANS-OPS (Captain's notes Ch.12) / Annex 6 def. DA/H - 3D (precision) approach		Decision Altitude is applicable for:
146	ar-9	ar-13	VERIFIED	A	DGCA			Aircraft Rules r.24B		Prisoners on Board an aircraft can be carried with the permission of
147	ar-9	ar-13	VERIFIED	D	all flight crew personnel			CAR Sec 7 J Pt III 2.1 (flight crew members)		Flight time/flight duty time limitations shall be applicable to:
148	ar-10	ar-22, ar-25, ar-26	VERIFIED	A	Dizziness			FAA AIM 8-1 (CO: dizziness)		Large accumulation of carbon mono-oxide in the blood results in:
149	ar-7	ar-9, ar-11	VERIFIED	C	AIP			AIP India GEN 3.1 "Differences ... are published in GEN 1.7"		Deviations from International Standards and recommended practices are published in:
150	ar-7	ar-9, ar-11	VERIFIED	C	AIP			AIP (AD 2 operational hours)		To find current watch hours of a station you should look into:
151	ar-9	ar-13	VERIFIED	C	If C of A states so			CAR Sec 2 Series X Pt VII (Flight Manual among documents carried on board)	keyed C ("if C of A states so") is historical wording; current CAR lists the Flight Manual as a carried document	Flight Manual is to be carried by
152	ar-5	ar-5, ar-6, ar-8	VERIFIED	C	0427 hrs			as #23		Q24R. An aircraft is on a track of 030º (M) and reports crossing a point at 0412 Hrs at F370. Other aircraft at F370 on a track of 100º(M) can cross the same point not earlier than:
153	ar-5	ar-5, ar-6, ar-8	VERIFIED	C	0225 hrs			as #24		Q25R. An ac at F390 crosses a point at 0210 hrs wishes to descent to F310. There is reciprocal traffic estimating to cross same point at 0300hrs maintaining F 330. By what time the descending aircraft should reach F310 if both aircraft maintain same speed?
154	ar-4	ar-7, ar-12	VERIFIED	C	Both MDA and DA			Doc 8168 via PANS-OPS (Air Law textbook ch.7-8 / Captain PANS-OPS notes): OCA/H is the basis of both DA/H and MDA/H		OCA is used for determination of:
155	ar-7	ar-9, ar-11	VERIFIED	C	090º and 270º magnetic			FAA AIM 2-3-3 (magnetic azimuth)		The numbers 09 and 27 on a runway indicate that the runway is oriented approximately
156	ar-6	ar-4	VERIFIED	B	should not cross the lines without ATC clearance			Annex 2 3.2.2.7.2 (stop and hold at runway-holding positions)		When approaching taxiway holding lines from the side with the continuous lines, the pilot
157	ar-7	ar-9, ar-11	VERIFIED	C	080º and 260º magnetic			FAA AIM 2-3-3		The numbers 08 and 26 on the approach ends of the runway is oriented approximately
158	ar-7	ar-9, ar-11	VERIFIED	C	Denotes intersecting runways			FAA AIM 2-3-8 (runway/runway holding position sign carries the designation of the intersecting runway); CAR Sec 4 Series B Pt I 5.4.2.3		What is the purpose of the runway/runway hold position sign?
159	ar-6	ar-4	VERIFIED	C	Developing lift			FAA AIM 7-4 (wake is a function of producing lift)		Wingtip vortices are created only when an aircraft is
160	ar-6	ar-4	VERIFIED	A	sink below the aircraft generating turbulence			FAA AIM 7-4 (vortices sink)		Wingtip vortices created by large aircraft tend to
161	ar-6	ar-4	VERIFIED	C	Outward, upward, and around each tip			FAA AIM 7-4 (outward, upward and around the wing tips)		How does the wake turbulence vortex circulate around each wingtip?
162	ar-6	ar-4	VERIFIED	C	Sink into the flight path of aircraft generating the turbulence			FAA AIM 7-4		When taking off or landing where heavy aircraft are operating, one should be particularly alert to the hazards of wingtip vortices because this turbulence tends to
163	ar-6	ar-4	VERIFIED	C	Heavy, clean and slow			FAA AIM 7-4		The greatest vortex strength occurs when the generating aircraft is
164	ar-6	ar-4	VERIFIED	B	above and upwind from the heavy aircraft			FAA AIM 7-4 (climb above the larger aircraft's path, upwind)		When departing behind a heavy aircraft, the pilot should avoid wake turbulence by maneuvering the aircraft
165	ar-6	ar-4	VERIFIED	A	Above the large aircraft’s final approach path and landing beyond the large aircraft’s touchdown point			FAA AIM 7-4		When landing behind a large aircraft, the pilot should avoid wake turbulence by staying
166	ar-3	ar-3	VERIFIED	A	The other aircraft is crossing to the left			14 CFR 25.1385 (red = left side)	you see his port side, so he is moving from your right to your left	During a night flight, you observe a steady red light and a flashing red light ahead and at the same altitude. What is the general direction of movement of the other aircraft?
167	ar-3	ar-3	VERIFIED	A	The other aircraft is flying away from you			14 CFR 25.1385(c)/25.1387(d) (white tail light, ±70° aft)		During a night flight, you observe steady white light and a flashing red light ahead and at the same altitude. What is the general direction of movement of the other aircraft?
168	ar-3	ar-3	VERIFIED	C	The other aircraft is approaching head-on			14 CFR 25.1385(b)	both wingtip lights visible only from ahead	During a night flight, you observe steady red and green lights ahead and at the same altitude. What is the general direction of movement of the other aircraft?
169	ar-10	ar-22, ar-25, ar-26	VERIFIED	C	peripheral vision by scanning small sectors and utilizing off center viewing			FAA AIM 8-1-6 / HPL textbook night vision (off-centre viewing)		The most effective method of scanning for other aircraft for collision avoidance during nighttime hours is to use
170	ar-3	ar-3	VERIFIED	C	There will be no apparent relative motion between your aircraft and the other aircraft			HPL textbook ch.10 "Collision and the retinal image" (line of constant bearing)		How can you determine if another aircraft is on a collision course with your aircraft?
171	ar-3	ar-3	VERIFIED	B	clear days			FAA AC 90-48C ("most MAC accidents and reported NMAC incidents occurred during good VFR weather conditions and during the hours of daylight")		Most midair collision accidents occur during
172	ar-10	ar-22, ar-25, ar-26	VERIFIED	C	620 hPa			CAR Sec 8 Series O Pt II 4.3.9.1 b) (all crew and passengers below 620 hPa)		Oxygen is to be carried for all crew members and passengers above a absolute pressure of:
173	ar-13	ar-18	VERIFIED	B	steady red			Annex 2 App 1 3.1		If the control tower uses a light signal to direct a pilot to give way to other aircraft and continue circling, the light will be
174	ar-7	ar-9, ar-11	VERIFIED	A	Flashing green			Annex 2 App 1 3.1 (flashing green on ground: cleared to taxi)		Which light signal from the control tower clears a pilot to taxi?
175	ar-13	ar-18	VERIFIED	B	exercise extreme caution			FAA AIM TBL 4-3-13 (alternating red and green: exercise extreme caution)		An alternating red and green light signal directed from the control tower to an aircraft in flight is a signal to
176	ar-13	ar-18	VERIFIED	A	Observe the traffic flow, enter the pattern, and look for a light signal from the tower			FAA AIM 4-2-13 (remain outside Class D until traffic flow determined, join pattern, watch for light signals)		If the aircraft’s radio fails, what is the recommended procedure when landing at a controlled airport?
177	ar-8	ar-19, ar-21	VERIFIED	B	121.5 and 243.0 MHz			Captain SAR notes (121.5 MHz civil, 243.0 MHz military)	406 MHz not offered	When activated, an emergency locator transmitter (ELT) transmits on
178	ar-5	ar-5, ar-6, ar-8	VERIFIED	B	The elevation of the departure area			14 CFR 91.121(a)(1)(iii) (no setting available: departure airport elevation)	ICAO has no equivalent rule; FAA-origin question	If an altimeter setting is not available before flight, to which altitude should the pilot, adjust the altimeter?
179	ar-7	ar-9, ar-11	VERIFIED	C	Enough to fly to the first point of intented landing thence to alternate and to fly after that for 45 minutes			CAR Sec 8 Series O Pt III 2.2.3.6 b) (IFR with alternate: destination, then alternate, then 45 minutes)		What is the specific fuel requirement for flight under IFR at night for a propeller driven aircraft?
180	ar-10	ar-22, ar-25, ar-26	FLAGGED	D	May seriously impair judgment	D	May seriously impair judgment	FAA AIM 8-1 (OTC medications may impair judgment)	"aspirin may seriously impair judgment" overstates it; wording needs review	Taking simple medicine like ‘aspirin’ prior to a flight
181	ar-3	ar-3	VERIFIED	C	2,000 feet AGL			CAR Sec 9 Series C Pt I 3.1.7.1(d) (manoeuvre to be completed not less than 600 m / 2000 ft above ground)		What is lowest altitude permitted for acrobatic flight?
182	ar-9	ar-13	VERIFIED	C	8			Aircraft (Public Health) Rules 1954 r.2(15) (relapsing fever 8 days)		The incubation period of relapsing fever is______ .days:
183	ar-9	ar-13	VERIFIED	A	6			Aircraft (Public Health) Rules 1954 r.2(15) (yellow fever 6 days)		Incubation period of yellow fever is _______ days:
184	ar-10	ar-22, ar-25, ar-26	VERIFIED	A	A state of oxygen deficiency in the body			HPL textbook (hypoxia = oxygen deficiency)		Which statement best defines hypoxia?
185	ar-10	ar-22, ar-25, ar-26	VERIFIED	A	hyperventilation			FAA AIM 8-1 (hyperventilation)		Rapid or extra deep breathing while using oxygen can cause a condition known as
186	ar-10	ar-22, ar-25, ar-26	VERIFIED	A	Emotional tension, anxiety, or fear			FAA AIM 8-1 (emotional tension, anxiety or fear)		Which would most likely result in hyperventilation?
187	ar-10	ar-22, ar-25, ar-26	VERIFIED	B	body signals are used to interpret flight attitude			FAA AIM 8-1 (spatial disorientation)		Pilots are more subject to spatial disorientation if
188	ar-10	ar-22, ar-25, ar-26	VERIFIED	A	rely upon the aircraft instrument indications			FAA AIM 8-1 (rely on instruments)		If a pilot experiences spatial disorientation during flight in a restricted visibility condition, the best way to overcome the effect is to
189	ar-10	ar-22, ar-25, ar-26	VERIFIED	A	spatial disorientation			FAA AIM 8-1		A state of temporary confusion resulting from misleading information being sent to the brain by various sensory organs is defined as
190	ar-10	ar-22, ar-25, ar-26	VERIFIED	B	having faith in the instruments rather than taking a chance on the sensory organs			FAA AIM 8-1		The danger of spatial disorientation during flight in poor visual conditions may be reduced by
191	ar-10	ar-22, ar-25, ar-26	VERIFIED	A	Systematically focus on different segments of the sky for short intervals			FAA AIM 8-1-6 (series of short regularly spaced eye movements)		Which technique should a pilot use to scan for traffic to the right and left during straight-and -level flight?
192	ar-10	ar-22, ar-25, ar-26	VERIFIED	C	All traffic or terrain features appear to be farther away than their actual distance			FAA AIM 8-1 (haze: illusion of greater distance)		What effect does haze have on the ability to see traffic or terrain features during flight?
193	ar-10	ar-22, ar-25, ar-26	VERIFIED	C	Avoid bright white lights at least 30 minutes before the flight			FAA AIM 8-1 (30 min darkness for full dark adaptation)		What preparation should a pilot make to adapt the eyes for night flying?
194	ar-10	ar-22, ar-25, ar-26	VERIFIED	B	Scan slowly to permit off center viewing			HPL textbook night vision		What is the most effective way to use the eyes during night flight?
195	ar-10	ar-22, ar-25, ar-26	VERIFIED	A	Look to the side of the object and scan slowly			HPL textbook night vision		The best method to use when looking for other traffic at night is to
196	ar-10	ar-22, ar-25, ar-26	VERIFIED	D	lack of oxygen in blood stream			FAA AIM 8-1 (CO reduces oxygen-carrying capacity)		Large accumulations of carbon monoxide in the human body result in
197	ar-10	ar-22, ar-25, ar-26	VERIFIED	A	altitude increases			FAA AIM 8-1		Susceptibility to carbon monoxide poisoning increases as
198	ar-10	ar-22, ar-25, ar-26	VERIFIED	A	Continual flight into instrument conditions			FAA AIM 8-1 (VFR into IMC)		What often leads to spatial disorientation or collision with ground/obstacles when flying under Visual Flight Rules (VFR)?
199	ar-10	ar-22, ar-25, ar-26	VERIFIED	C	Human error			HPL textbook (approx. 73% of accidents human factors)		What is the one common factor which affects most preventable accidents?
200	ar-10	ar-22, ar-25, ar-26	VERIFIED	A	Insufficient oxygen reaching the brain			HPL textbook		Hypoxia is a result of which of the following conditions
201	ar-10	ar-22, ar-25, ar-26	VERIFIED	C	A decrease in the oxygen partial pressure			HPL textbook (partial pressure)		What causes hypoxia?
202	ar-10	ar-22, ar-25, ar-26	VERIFIED	C	Oxygen partial pressure is decreased			HPL textbook		A loss of cabin pressure may result in hypoxia because as cabin altitude increases
203	ar-10	ar-22, ar-25, ar-26	VERIFIED	C	Dizziness			FAA AIM 8-1 (dizziness)		What is the symptom of carbon mono oxide poisoning?
204	ar-10	ar-22, ar-25, ar-26	VERIFIED	A	Alcohol has adverse effect especially as the altitude increases			FAA AIM 8-1 (alcohol)		What is the effect of alcohol consumption on the function of body
205	ar-10	ar-22, ar-25, ar-26	VERIFIED	A	Tingling of the hands & feet			FAA AIM 8-1 (tingling in the extremities)		What is the common symptom of hyperventilation?
206	ar-10	ar-22, ar-25, ar-26	VERIFIED	A	Looking outside for 15 seconds, then inside for 5 seconds, then repeat			FAA AIM 8-1-6 (no more than 4 to 5 seconds on the panel for every 16 seconds outside)		Scanning procedure for effective collision avoidance should constitute
207	ar-10	ar-22, ar-25, ar-26	VERIFIED	A	May affect decision making abilities			FAA AIM 8-1		Small amounts of alcohol in the system:
208	ar-10	ar-22, ar-25, ar-26	VERIFIED	C	One which appears to be ahead with no lateral & vertical displacement & is increasing in size rapidly			HPL textbook ch.10 (line of constant bearing)		Which observed target aircraft would be of most concern with respect to collision avoidance
209	ar-10	ar-22, ar-25, ar-26	VERIFIED	C	On the horizon & increasing in size			HPL textbook ch.10		When using earth’s horizon as a reference to determine the relative position of other aircraft most concern would be for aircraft
210	ar-10	ar-22, ar-25, ar-26	VERIFIED	B	Approach altitude may be lower than it appears			FAA AIM 8-1 (narrower runway: illusion of greater height)		When making an approach on narrower than usual runway without VASI assistance, the pilot should be aware that the approach
211	ar-10	ar-22, ar-25, ar-26	VERIFIED	A	High			FAA AIM 8-1 (featureless terrain: illusion of greater height)		When making a landing over a darkened or featureless terrain, such as water or snow pilot should be aware of the possibility of illusion. This approach may appear to be
212	ar-10	ar-22, ar-25, ar-26	VERIFIED	B	Farther from the runway than actually is			FAA AIM 8-1 (haze: greater distance)		Haze can give illusion that the aircraft is
213	ar-10	ar-22, ar-25, ar-26	VERIFIED	A	Pitching up			FAA AIM 8-1 (fog: pitching up)		A sudden penetration of fog can give an illusion of
214	ar-10	ar-22, ar-25, ar-26	VERIFIED	C	Higher than usual			FAA AIM 8-1 (rain: greater height)		Rain on the wind screen can cause what illusion
215	ar-9	ar-13	VERIFIED	A	15			Aircraft Rules r.25A(2)(h) (15 m)		No authorized person must be present within ______ mts of a/c while refueling is on
216	ar-9	ar-13	CORRECTED (proposed, not applied)	A	4 hrs	B	2 hrs	CAR Sec 7 Series J Pt III 16.1 (unforeseen circumstances: FDP extended by maximum of 02 hours)	keyed A (4 h) is outdated	The maximum duty time limit per day extension is
217	ar-10	ar-22, ar-25, ar-26	VERIFIED	C	Read and interpret the flight instruments, and act accordingly.			FAA AIM 8-1		How can an instrument Pilot best overcome spatial disorientation?
218	ar-5	ar-5, ar-6, ar-8	FLAGGED	C	5 mins	C	5 mins	Doc 4444 5.3.4 / 5.4 read: no "5 minutes lateral separation" for holding exists	time is a longitudinal measure, not lateral; question malformed. Same as #308	The lateral separation reqd. if an A/C is holding at a level
219	ar-7	ar-9, ar-11	VERIFIED	B	Green			CAR Sec 4 Series B Pt I 5.3.10.9 (threshold and wing bar lights fixed unidirectional green)		Threshold lights are
220	ar-13	ar-18	CORRECTED (proposed, not applied)	B	Met Info	A	ETA	Doc 4444 4.12.2 (Section 2 = Operational information: ETA and endurance)	keyed B (Met info) is Section 3	The 2nd section of an air report contains
221	ar-6	ar-4	VERIFIED	B	90º			Doc 4444 9.1.4.2.2.2 (cross at an angle of 90°)		Crossing of an ATS route should be at angle of:
222	ar-7	ar-9, ar-11	VERIFIED	D	AIP			AIP India AD section		Information about facilities on an aerodrome is found in
223	ar-6	ar-4	VERIFIED	A	Surface of earth to a specified upper limit			Annex 2 def. Control zone		Control Zone is from
224	ar-6	ar-4	VERIFIED	B	Rocking Wings			Annex 2 App 1 3.2 (by day: rocking wings)		If an a/c has R/T failure then it will acknowledge signals from the ATC during day by
225	ar-9	ar-13	FLAGGED	C	5700 kgs			CAR Sec 8 Series O Pt II 6.10 (all aeroplanes operated at night shall have anti-collision lights)	no current "above 5700 kg" rule found; outdated	Anti-collision lights are required on aircraft above
226	ar-9	ar-13	FLAGGED	A	20 mins	A	20 mins	Aircraft Rules Sch. II para 4: night = half an hour after sunset to half an hour before sunrise	keyed 20 min matches the AIP night-VFR rule, not the logging definition; no 30-min option	Night flying hours can be logged between __________ mins after sunset to ________ mins before sunrise:
227	ar-2	ar-2, ar-14, ar-15	VERIFIED	A	50			Aircraft Rules Sch. II, CPL renewal ("Fifty percent of flight time as Co-Pilot may be counted towards ... Pilot-in-Command")		The percentage of Co-pilot flying to be counted towards the renewal of CPL as PIC is ______ %:
228	ar-10	ar-22, ar-25, ar-26	VERIFIED	C	Body signal are used to interpret flight attitude.			FAA AIM 8-1		A Pilot is more subject to spatial disorientation?
229	ar-5	ar-5, ar-6, ar-8	FLAGGED	A	2000’	A	2000’	Doc 4444 5.3.2	2000 ft is correct only outside RVSM; in RVSM FL290-410 it is 1000 ft. Stem does not say	The Min. Separation above F 290 is:
230	ar-9	ar-13	VERIFIED	B	24			Aircraft (Investigation of Accidents and Incidents) Rules 2025 r.4(1) (24 hours)		An aircraft accident has to be informed to the DGCA with in ____ hrs
231	ar-8	ar-19, ar-21	VERIFIED	C	5 mins			CAR Sec 9 Series E Pt I 5.2.1 b) 2) (cleared to land, fails to land within five minutes)		The alert phase starts when an A/C cleared to land; fails to land within _____ of estimated time of landing:
232	ar-10	ar-22, ar-25, ar-26	VERIFIED	C	Rely on the indications of the flight instruments.			FAA AIM 8-1		Which procedure is recommended to prevent or overcome spatial disorientation?
233	ar-2	ar-2, ar-14, ar-15	VERIFIED	C	5			as #97		Log books of flight crew personnel shall be preserved for not less than ___ year’s last entry.
234	ar-6	ar-4	VERIFIED	C	Class D			AIP India ENR 1.4 Class D		In which class of airspace does ATC provide separation for IFR traffic from all other IFR traffic, but relies on VFR traffic to provide its own separation from all other traffic?
235	ar-10	ar-22, ar-25, ar-26	VERIFIED	B	Consciously breathe at a slower rate than normal			FAA AIM 8-1		What action should be taken if hyperventilation is suspected?
236	ar-9	ar-13	VERIFIED	D	15 NM			Captain ATS notes ("All aircraft are forbidden to operate within 15 NM of the international border of India unless specifically permitted")	primary regulation not located in AIP/CARs searched	No scheduled flight carrying passengers is permitted to fly with in ___ NM of International Border:
237	ar-7	ar-9, ar-11	VERIFIED	B	2 thick white lines close to and parallel to runway centreline			CAR Sec 4 Series B Pt I 5.2.5.4 (aiming point: two conspicuous stripes; runway markings white)		How would you regonise an aiming point marking on a runway?
238	ar-7	ar-9, ar-11	VERIFIED	D	Any colour which contrasts with the aircraft stand markings			CAR Sec 4 Series B Pt I 5.2.1.6 (apron safety lines contrast with stand markings)		On a normal aerodrome, what colour should apron safety lines be painted?
239	ar-7	ar-9, ar-11	VERIFIED	C	i) blue ii) white			CAR Sec 4 Series B Pt I 5.3.18.7 (taxiway edge lights blue); runway edge white		What colour are (i) taxiway edge lights and (ii) runway edge lights?
240	ar-4	ar-7, ar-12	VERIFIED	B	3 red lights inboard of 1 white light			CAR Sec 4 Series B Pt I 5.3.5 (below slope: three units nearest runway red, farthest white)		What lights will a pilot see from the PAPI system if he is slightly low on the instrument approach glide slope? Inboard means closer to the runway.
241	ar-7	ar-9, ar-11	VERIFIED	B	The writing will be white on a red background			CAR Sec 4 Series B Pt I 5.4.2.12 (mandatory sign: white on red)		How can a pilot determine from a distance that an aerodrome sign contains mandatory instructions?
242	ar-3	ar-3	VERIFIED	D	Maintain heading and speed only			Annex 2 3.2.1 / 3.2.2 (right of way aircraft maintains heading and speed)		The pilot of an aircraft which has the right of way must do certain things to reduce the risk of collision. Apart from monitoring the other aircraft’ actions, what else must he do?
243	ar-8	ar-19, ar-21	VERIFIED	D	A passenger suffers second degree burns from a loose gallery kettle			Aircraft (Investigation of Accidents and Incidents) Rules 2025 r.2 (serious injury includes second- or third-degree burns; injuries inflicted by other persons excluded from accident)		Which of the following occurrences to an aircraft in flight should be considered an aviation accident?
244	ar-8	ar-19, ar-21	VERIFIED	C	The pilot takes avoiding action to prevent a near collision			Aircraft (Investigation of Accidents and Incidents) Rules 2025, serious incidents (a) near collisions requiring an avoidance manoeuvre		Which of the following occurrences to an aircraft in flight should be considered a serious incident?
245	ar-9	ar-13	CORRECTED (proposed, not applied)	D	7	B	5	Aircraft Rules r.38B(1)(iii)	215 seats: 2 + ceil((215-99)/50) = 2+3 = 5. Keyed D (7) wrong; #394 (same question) already keys 5	For an aircraft having seating capacity of 215 passengers, number of cabin attendants required is_____.
246	ar-8	ar-19, ar-21	VERIFIED	B	Rock wings			Captain SAR notes (acknowledge by rocking wings by day)		If pilot sees the symbol ‘X’ during SAR operations, how can he tell the survivor that he understands the message?
247	ar-6	ar-4	VERIFIED	A	1500 meters			AIP India ENR 1.2 §1 (1500 m horizontal)		What is the minimum horizontal distance which an aeroplane must stay away from cloud in Class D airspace at 2000 feet in order to fly under VFR?
248	ar-8	ar-19, ar-21	VERIFIED	C	The alert phase			as #43		What is correctly defined as “A situation wherein apprension exits as to the safety of an aircraft and its occupants?
249	ar-8	ar-19, ar-21	VERIFIED	B	7500			as #12		What mode A transponder setting means an aircraft is suffering unlawful interference?
250	ar-3	ar-3	VERIFIED	B	land at nearest aerodrome			as #437	"land at nearest aerodrome" = land as soon as it can safely do so	44 If navigation lights fail the action of the pilot is
251	ar-9	ar-13	CORRECTED (proposed, not applied)	B	5	D	14	Aircraft (Public Health) Rules 1954 r.2(15) ("Typhus 14 days")	keyed B (5 days) is wrong; #423 already keys 14 days	Incubation period for typhus is_________ days:
252	ar-5	ar-5, ar-6, ar-8	VERIFIED	C	Altitude			AIP India ENR 1.7 §2.1.2 (descending through transition layer: altitude)		An A/C descending through the transition layer will report its height in
253	ar-9	ar-13	VERIFIED	A	DM/ Commissioner of Police			Aircraft Rules r.26 (DM or Commissioner of Police)		Publicity material can be dropped from an A/C if it has the permission of
254	ar-9	ar-13	CORRECTED (proposed, not applied)	D	With in a radius of 10 Nms	B	With in a radius of 10 km	Aircraft Rules Sch. I (4) "radius of ten kilometers"; AIP ENR 5.1 "10KM radius"	keyed D (10 NM) is wrong; #51 keys 10 km correctly	Prohibition of flights over Mathura refinery is:
255	ar-9	ar-13	VERIFIED	C	Flashing Red			14 CFR 25.1401(c) (flashing 40-100 cycles/min); CAR Sec 9 Series C Pt I 3.2.3 (red anti-collision lights)		Anti collision lights are _________ lights
256	ar-3	ar-3	VERIFIED	D	Gliders shall give way to balloons.			Annex 2 3.2.2.3 c)		When two aircraft are converging at approximately the same altitude, which statement applies?
257	ar-6	ar-4	VERIFIED	C	Taxi onto the runway and takeoff in one continuous movement.			Doc 4444 7.9.3.4 (taxi out and take off in one continuous movement)		When a clearance for an “immediate take-off” is accepted, the pilot shall
258	ar-13	ar-18	VERIFIED	A	MAYDAY, MAYDAY, MAYDAY.			Annex 10 Vol II / Doc 9432 (MAYDAY)		The radiotelephone distress signal to indicate grave and /or imminent danger requiring immediate assistance is
259	ar-13	ar-18	FLAGGED	C	3hrs 05minutes.	C	3hrs 05minutes.	Doc 4444 App 2 Item 16	ICAO EET excludes stopovers (separate flight plans); keyed answer adds the 30-min stop	Estimated elapsed time A to B 1hr 15minutes. Estimated stopover time at B 30 minutes. Estimated elapsed time B to C 1 hr 20 minutes Using the above information, what time should be entered in the “Elapsed Time “ BOX OF VFR flight plan ?
260	ar-2	ar-2, ar-14, ar-15	VERIFIED	C	50 hrs			Aircraft Rules Sch. II, CPL (A) with IR 1(e)(iii) (not less than fifty hours cross-country as PIC)		Minimum cross-country hours required for an Instrument Rating are:
261	ar-9	ar-13	VERIFIED	A	AUW			AAI charges schedule (RNFC = R x D x W, W = sqrt(AUW/50000)); AIC 35/2020		The route navigation charges are on the basis of:
262	ar-9	ar-13	VERIFIED	B	900			Aircraft Rules r.3(41) (900 litres)		Petroleum in bulk is petroleum in receptacle, which exceeds _______________lts
263	ar-9	ar-13	FLAGGED	C	1994	C	1994	DGCA rules list (Sept 2026): Aircraft (Demolition of Obstructions caused by Buildings and Trees etc.) Rules, 2026	1994 was the year of the original Rules; they have been replaced by 2026 Rules - reword the question	The demolition of buildings and trees act came into effect in the year:
264	ar-5	ar-5, ar-6, ar-8	VERIFIED	C	Air traffic control service			AIP India ENR 1.4 / ATC service objective (prevent collisions)		The air traffic service which prevents the collision between aircraft is called
265	ar-9	ar-13	VERIFIED	B	1 Mile			Aircraft Rules Sch. I (1) "radius of one mile from the Towers of Silence on Malabar Hills"		Prohibited area around Malabar hill is _____ mile.
266	ar-1	ar-1	VERIFIED	A	02mins			Doc 4444 5.8.3.1 (2 min)		Separation between Medium A/C taking off behind heavy A/C (or) Light A/C taking off behind Medium A/C is ______ min:
267	ar-6	ar-4	VERIFIED	B	15			Doc 4444 5.4.2.2.1.1 a)		Longitudinal separation between two A/C on same track is _____ min
268	ar-9	ar-13	CORRECTED (proposed, not applied)	C	48 hrs	A	24 hrs	Aircraft (Investigation of Accidents and Incidents) Rules 2025 r.4(1) (accident OR incident: not later than twenty-four hours)	keyed C (48 h) was the old r.77B figure, superseded	A/C incident should be notified with in _______ hrs.
269	ar-9	ar-13	FLAGGED	D	D,E,F& G	D	D,E,F& G	AIP India ENR 1.4	AIP now designates A and B (TMA/CTR) and uses C; "D,E,F,G" is outdated	Indian Airspace comes under ________ class of airspace.
270	ar-9	ar-13	VERIFIED	A	15 mts			as #215		No unauthorized person must be present within ______ mtrs of A/C , while refueling is on .
271	ar-9	ar-13	VERIFIED	B	15 NMs			as #236		An aircraft must fly ______ Nm away from International Border.
272	ar-6	ar-4	VERIFIED	C	15º at 15 NMs			Doc 4444 5.4.1.2.1.2 a) (VOR 15° and 15 NM)		VOR Track separation is _______
273	ar-3	ar-3	VERIFIED	B	by westbound aircraft on VFR plan			Annex 2 App 3 (180-359 VFR = even+500)		FL 145 can be used:
274	ar-3	ar-3	VERIFIED	A	1000’			AIP India ENR 1.2 §1; Annex 2 Table 3-1		In VMC the vertical distance from cloud base is ________
275	ar-9	ar-13	VERIFIED	C	30 mins			AIP India ENR 5.2.2 (fresh ADC if delayed more than thirty minutes, return flight)		Fresh ADC is required in case the flight is delayed by _________ minutes.
276	ar-6	ar-4	FLAGGED	A	B	C	D& E	AIP India ENR 1.4 (IFR/IFR separation in classes A-E)	options are all incomplete; for Indian classes D and E, C is at least as right as keyed A	In separation between IFR and IFR is provided in ______ class of Airspace.
277	ar-7	ar-9, ar-11	VERIFIED	C	Green			as #219		Displaced threshold lights will be in _________ colour.
278	ar-4	ar-7, ar-12	VERIFIED	B	2000’ in 8 kms			Annex 2 5.1.2 a)		Minimum obstacle clearance in mountainous terrain for an IFR light is
279	ar-9	ar-13	VERIFIED	B	N			Doc 4444 App 2 Item 8 (N = non-scheduled)		________Letter stands for non-scheduled flight in flight plan.
280	ar-2	ar-2, ar-14, ar-15	VERIFIED	A	50%			as #227		The _______ % of co-pilot flying is counted towards the renewal of CPL as PIC.
281	ar-7	ar-9, ar-11	VERIFIED	B	45 m			CAR Sec 4 Series B Pt I 5.2.4.5 (45 m = 12 stripes)		33 12 stripes of threshold markings indicate a rw width of
282	ar-9	ar-13	VERIFIED	C	1500 mto2399 m			as #85		4 pairs of touch down zone markings indicate landing distance available
283	ar-9	ar-13	FLAGGED	C	5 kms			as #107		The visibility minima for take off, if the aerodrome is not equipped with radio nav aid is ______ km.
284	ar-9	ar-13	VERIFIED	B	24 hrs			as #230		An aircraft accident has to be informed to the DGCA with in
285	ar-13	ar-18	VERIFIED	B	Urgency			Annex 2 App 1 / Annex 10 Vol II (XXX = urgency in telegraphy)		A signal made by radio- telegraphy (or) by any other signaling method consisting, of the group ‘XXX’ in Morse code indicates:
286	ar-7	ar-9, ar-11	VERIFIED	D	green			CAR Sec 4 Series B Pt I 5.3.17 (taxiway centre line lights green)		Taxiway Centre line lights shall be of the following colour
287	ar-9	ar-13	FLAGGED	C	7			AIP India ENR 1.14 5.1 (incident report form within 24 hours of landing)	keyed 7 days is outdated; no option correct	An Air-miss incident report made by radio (or) telephone must be confirmed with in _____ days.
288	ar-2	ar-2, ar-14, ar-15	VERIFIED	B	CPL/ATLP			Aircraft Rules Sch. II PPL privileges ("not for remuneration"); aerial work is remunerative (r.3(1A))		A person holding ________ shall fly ‘Aerial work Aircraft’
289	ar-9	ar-13	FLAGGED	A	20 mins after sunset to 20 mins before sunrise	A	20 mins after sunset to 20 mins before sunrise	Aircraft Rules Sch. II para 4 (half an hour)	see #226; bank is internally inconsistent (#752 keys 30 min)	‘Flight by night ‘means a flight performed between the periods of
290	ar-9	ar-13	VERIFIED	C	IFR Flts			Doc 4444 16.4.1.1 (RPLs only for IFR)		‘RPL’ shall be used for ___________ flights only.
291	ar-13	ar-18	VERIFIED	C	Distress			Annex 2 App 1 1.1 d)		‘Rockets (or) shells throwing red lights, fired one at a time at short intervals from an aircraft indicate ______:
292	ar-6	ar-4	DROPPED (recommended)	D	Response			unanswerable as printed	parser damage: correct statement split across options C and D ("Response")	Which response is most correct with respect to wake turbulence?
293	ar-6	ar-4	VERIFIED	D	All fixed and rotary wing aircraft.			FAA AIM 7-4 "Every aircraft generates wake turbulence"; helicopters section		Wake turbulence is produced by
294	ar-7	ar-9, ar-11	VERIFIED	C	A white or yellow X.			Air Law textbook 22.15		Runways and taxiways or portions thereof that are closed to aircraft are marked by
295	ar-5	ar-5, ar-6, ar-8	FLAGGED	A	QDM	A	QDM	Q-code source (Doc 8400) not held	QDM (magnetic) is the conventional answer for runway direction; cannot cite	Runway direction designator is:
296	ar-7	ar-9, ar-11	VERIFIED	C	Unidirectional green lights			as #219		Runway threshold lights are
297	ar-9	ar-13	FLAGGED	B	5700 Kg			as #225		Anti collision light is read. for A/C whose AUW exceeds
298	ar-3	ar-3	VERIFIED	C	Maintain heading and Speed			Annex 2 3.2.2.3 + 3.2.2 (right-of-way maintains hdg/speed); 14 CFR 25.1385	aircraft on your left showing red has you on ITS left; you have right of way	If you see an aircraft on relative bearing of 270º with its red light than PIC’s action is
299	ar-3	ar-3	VERIFIED	C	Green			14 CFR 25.1385	crossing left-to-right ahead shows its starboard (green) side	An aircraft is crossing at right angle from left to right then the light seen by you, as PIC is
300	ar-6	ar-4	VERIFIED	C	Rock wings			Annex 2 App 1 3.2		If an aircraft in circuit has R/T failure then the visual indication by pilot to acknowledge ATC signals is:
301	ar-8	ar-19, ar-21	VERIFIED	D	V			Captain SAR notes (V = require assistance)		Survivors on land requiring assistance indicate it to A/C in air by
302	ar-7	ar-9, ar-11	VERIFIED	C	Slow down			Annex 2 App 1 5.11 (slow down)		Move extended arms down wards in a patting gesture, moving wands up and down from waist to knees:
303	ar-13	ar-18	VERIFIED	C	121.5 MHz			Captain SAR notes (121.5 MHz)		Emergency VHF frequency is
304	ar-7	ar-9, ar-11	VERIFIED	B	Cut engine			Annex 2 App 1 5.10		Either arm or hand level with shoulder, hand across throat, palm down ward indicates
305	ar-5	ar-5, ar-6, ar-8	VERIFIED	A	4000’ AMSL			AIP India ENR 1.7 §2.1.1 "No transition altitude is less than 4000 Ft"	stem lost "India"	Minimum transition altitude in for an aerodrome is
306	ar-6	ar-4	VERIFIED	B	20 NM			as #46		DME separation between A/C on same track, same level and in some direction is
307	ar-6	ar-4	VERIFIED	C	90º			Doc 4444 9.1.4.2.2.2		While crossing ATS routes the crossing will be done at _____ angles to the route.
308	ar-5	ar-5, ar-6, ar-8	FLAGGED	D	5 mins	D	5 mins	as #218		Lateral separation between two aircraft, one climbing and another holding is
309	ar-5	ar-5, ar-6, ar-8	VERIFIED	B	15 mins			Doc 4444 5.4.2.2.2.2 a)		Separation between climbing A/C, which is on crossing track of another A/C is
310	ar-8	ar-19, ar-21	VERIFIED	A	30 mins			CAR Sec 9 Series E Pt I 5.2.1 a) (uncertainty: fails to arrive within thirty minutes)		ATC will inform RCC when A/C does not land within _________ minutes of ETA.
311	ar-8	ar-19, ar-21	VERIFIED	C	Alert phase			as #43		If apprehension exists as to the safety of A/C and its occupants then it is called as
312	ar-6	ar-4	VERIFIED	B	5000 mts			AIP India ENR 1.2 §1		Within controlled airspace below 3000’ feet, visibility reqd. for VFR is
313	ar-9	ar-13	VERIFIED	C	All up weight of ac			as #261		Route Navigation charges are based on
314	ar-8	ar-19, ar-21	VERIFIED	C	after 01 Jan 2003 2 hrs			CAR Sec 2 Series I Pt VI 4.3.1 (2 hours)		Operator should instal CVR capable of retaining information during atleast last ________ of its operation:
315	ar-6	ar-4	VERIFIED	D	first report after 30 mins and subsequent after 60 mins			Doc 4444 4.11.1.2		On X-country flight where reporting points are not available then reporting shall be made after every ________ min in.
316	ar-5	ar-5, ar-6, ar-8	VERIFIED	B	F 130			AIP India ENR 1.7 §2.1.2 (above TL = flight level)		You are descending from F-200 to 12000 over . 13000’ will be reported as_______
317	ar-7	ar-9, ar-11	VERIFIED	C	Annex 14			Annex 14 = Aerodromes		Information about aerodromes is contained in _________ document.
318	ar-7	ar-9, ar-11	VERIFIED	B	Lamberts			as #572		Jeppesen charts widely use projection
319	ar-13	ar-18	FLAGGED	C	met information			Doc 4444 4.12.2 (Section 2 = Operational information)	keyed C (met) is wrong; no option says operational - rewrite	26 Second section of ‘Air Report’ contains
320	ar-9	ar-13	FLAGGED	B	3.7 kms			as #107		For an operator who has not filed minima, visibility minima for take off, if the aerodrome is equipped with VOR is _______ Km:
321	ar-9	ar-13	VERIFIED	C	Prohibited Area			as #131		Mathura Refinery is a _________ area.
322	ar-6	ar-4	VERIFIED	D	Experience any of the above situations.			FAA AIM 7-4 (induced roll, structural damage)		The wing tip vortices generated by a heavy aeroplane can cause a lighter aircraft encountering them to
323	ar-6	ar-4	VERIFIED	B	With rotation.			FAA AIM 7-4 "generates vortices from the moment it rotates on takeoff"		Wake turbulence caused by a departing large aeroplane begins
324	ar-6	ar-4	FLAGGED	A	Climb.			no held source contains a rule that the following aircraft shall climb	Annex 2 3.2.2.5.2 gives right of way to the LOWER aircraft; question unsupported - recommend DROP	Two aircraft are on approach to land, the following aircraft shall:
325	ar-13	ar-18	VERIFIED	D	ATIS phonetic identifier.			Doc 4444 / Doc 9432 (acknowledge ATIS identifier)		Where ATIS is available the information which should be included on first contact with ATC is the
326	ar-6	ar-4	VERIFIED	C	5 nm			Doc 4444 8.7.3.1		Two a/c flying in the vicinity of aerodrome under radar control will be separated by :
327	ar-3	ar-3	FLAGGED	B	F320, F360, F400, F440			CAR Sec 9 Series C Pt I 4.4-4.5 (VFR not above FL150 unless authorised; no VFR above FL290 where RVSM applies)	keyed B follows the ICAO non-RVSM table; in India VFR above FL290 is not permitted	An aircraft cruising VFR in level flight above F 290 on a track of 290 deg M shall be flown at
328	ar-6	ar-4	VERIFIED	A	A Control Zone.			Annex 2 def. Special VFR flight (within a control zone)		An aircraft flying in accordance with Special VFR would be flying within
329	ar-4	ar-7, ar-12	VERIFIED	B	Flight of aircraft is totally prohibited.			Annex 2 Ch1 def.	duplicate #25	A prohibited area means an area over which:
330	ar-6	ar-4	VERIFIED	D	Flight Information Centre			Doc 4444 def. Flight information centre		. What is defined as “ A unit established to provide flight information and alerting service” ?
331	ar-9	ar-13	BLOCKED	B	May take off if the forced landing was not due to any factor effecting the safe operation of the aircraft.			Indian forced-landing take-off rule not held		In the event of the forced landing at an uncontrolled aerodrome, aircraft
332	ar-3	ar-3	VERIFIED	C	By altering the heading to the right.			Annex 2 3.2.2.4		An overtake aircraft whether climbing, descending or in horizontal flight, shall keep out of the way of the other aircraft by:
333	ar-3	ar-3	VERIFIED	D	A glider, a balloon, an airship or an aero plane towing a glider.			Annex 2 3.2.2.3 a) and d)		To which of the following must the pilot of a helicopter give way if it is on a converging course with him and there is a risk of collision?
334	ar-6	ar-4	VERIFIED	C	Approach Control			Doc 4444 4.3.2.1 / Annex 11 (approach control within CTR)	aerodrome control also operates inside the CTR; wording loose	Within a control zone, the air traffic control is provided by
335	ar-3	ar-3	VERIFIED	D	Maintain heading and speed only			Annex 2 3.2.2	duplicate of #242	The pilot of an aircraft that has the right of way must do certain things to reduce the risk of collision. Apart from monitoring the other aircraft’ actions, what else must he do?
336	ar-9	ar-13	FLAGGED	B	5700 kg			as #225		Anit-collision light is required for a/c whose AUW exceeds:
337	ar-9	ar-13	VERIFIED	D	1000 hrs.			as #108		Max flying hours for a flight crew in one year is:
338	ar-3	ar-3	VERIFIED	C	Maintain heading and speed			as #298		If you see an aircraft on relative bearing of 270 with its red light then PIC’s action is:
339	ar-3	ar-3	VERIFIED	B	land at nearest aerodrome			as #437		If navigation lights fail at night the action of the pilot is
340	ar-8	ar-19, ar-21	VERIFIED	C	Alert phase			as #43		If apprehension exists as to the safety of a/c and its occupants then it called as:
341	ar-7	ar-9, ar-11	VERIFIED	B	200’			Captain ATC notes Ch.7 ("persons should remain at least 200 feet away from operating jet engines")	regulation behind the notes not located	An aircraft should not taxy behind a jet aircraft, less than:
342	ar-9	ar-13	FLAGGED	A	14 days	A	14 days	Aircraft (Public Health) Rules 1954 r.2(15)	chicken pox is not a quarantinable disease; the Rules give no incubation period for it. 14 days is a medical figure, not a regulatory one	Incubation period of Chicken Pox is:
343	ar-3	ar-3	VERIFIED	B	10			Annex 2 App 3 (tables start FL10 / FL20)		Semi-circular rules starts from flight level:
344	ar-7	ar-9, ar-11	VERIFIED	D	Green			as #286		22 Taxiway Centre line light shall be of the following colour
345	ar-5	ar-5, ar-6, ar-8	VERIFIED	C	2000’ within 8 Km of the estimate position of the a/c			Annex 2 5.1.2 a)	stem says "vertical separation" but the rule is obstacle clearance	Minimum vertical separation in mountainous area for aircraft flying IFR flights is
346	ar-9	ar-13	VERIFIED	D	15 NM			as #236		No scheduled flight carrying passengers is permitted to fly with in ___ of International Border:
347	ar-9	ar-13	VERIFIED	C	6			Aircraft Rules r.38B(1)(iii): 2 + ceil(151/50) = 6	Captain ruling 2026-09-05 confirmed	A passenger transport aircraft with 250 seats departs on a flight with a passenger load of 136. The number of flight attendants required is:
348	ar-5	ar-5, ar-6, ar-8	VERIFIED	A	Airfield QNH			AIP India ENR 1.7 §3 (QNH in approach and landing instructions)		When approaching an airfield within a TMA the altimeter setting to be used, having passed through the transition altitude is:
349	ar-9	ar-13	FLAGGED	C	1000 hours in the year up to the end of the month prior to the present flight	C	1000 hours in the year up to the end of the month prior to the present flight	CAR Sec 7 J Pt III 8.5 (1000 h in 365 consecutive days)	"year up to end of the month" wording is not the CAR wording	The maximum permitted flight time for flight crew is:
350	ar-4	ar-7, ar-12	VERIFIED	A	Aerodrome unsafe, do not land			Annex 2 App 1 3.1 (red flashes, in flight: aerodrome unsafe, do not land)		A series of red flashes sent to an aircraft in flight means :
351	ar-7	ar-9, ar-11	VERIFIED	B	Highest point on the landing area			as #102		Airfield elevation is the altitude of the:
352	ar-3	ar-3	VERIFIED	B	No action			as #298	"No action" = maintain heading and speed	If PIC of an a/c flying sees the red navigation flight of an a/c at a Relative bearing of 270º then the action of pilot:
353	ar-4	ar-7, ar-12	FLAGGED	B	Cloud ceiling and RVR	B	Cloud ceiling and RVR	CAR Sec 8 Series C Pt I 14.1 (take-off minima expressed as visibility or RVR, cloud where needed to see obstacles)	no option matches exactly	A public transport aircraft shall not take-off unless the following minima for the departure airfield are satisfactory :
354	ar-7	ar-9, ar-11	VERIFIED	A	The total time from when an aircraft first moves under its own power for the purpose of taking off until it comes to rest after the flight			CAR Sec 7 Series J Pt III 3.5.3 (Flight Time)		With regard to flight time limitations, “flight time “means:
355	ar-6	ar-4	VERIFIED	B	The location where visiting pilots should report			Annex 2 App 1 4.2.7 (black C on yellow: ATS reporting office)		A black letter “C” on a yellow background indicates:
356	ar-3	ar-3	VERIFIED	C	Increases at a very slow rate until shortly before impact			HPL textbook ch.10 Fig 10.10 (image remains very small until very shortly before impact)		The retinal size of an aircraft approaching on a collision course :
357	ar-10	ar-22, ar-25, ar-26	VERIFIED	D	48 hours			HPL textbook ("48 hours following a general anaesthetic")		After a general anaesthetic one should not fly for:
358	ar-6	ar-4	FLAGGED	C	Day- 1.5 Km when so prescribed by appropriate ATS authority.	C	Day- 1.5 Km when so prescribed by appropriate ATS authority.	Doc 4444 7.14.1.3 (SVFR when ground visibility not less than 1 500 m)	ICAO sets 1500 m ground visibility, not flight visibility "when prescribed"; C nearest	What is the minimum visibility requirement in under special VFR operation in Class D airspace below 10000 feet
359	ar-6	ar-4	CORRECTED (proposed, not applied)	A	The engines are at maximum thrust output at slow air speed	C	Of the high angle of attack and high gross weight	FAA AIM 7-4 (wake is a function of lift: heavy, clean, slow)	keyed A (engine thrust) is wrong - vortex strength comes from lift, i.e. high weight and high angle of attack at low speed = option C	Wake turbulence is near maximum behind a jet transport just after takeoff because
360	ar-6	ar-4	FLAGGED	D	The sole responsibility of the pilot.	D	The sole responsibility of the pilot.	no held source (FAA AIM 7-4 text read)	for IFR, ATC applies wake minima (Doc 4444 5.8), so "sole responsibility of the pilot" is not true in ICAO terms	Avoiding wake turbulence is
361	ar-6	ar-4	VERIFIED	B	following take-off			FAA AIM 7-4		Wake turbulence caused by a departing aeroplane is most severe immediately
362	ar-3	ar-3	VERIFIED	D	White			14 CFR 25.1387(d) (rear white light ±70°), Annex 2 3.2.2.4		What colour navigation light would a pilot see on an aircraft which he is overtaking at night?
363	ar-6	ar-4	VERIFIED	D	Return to the starting point on the aerodrome			Annex 2 App 1 3.1		What does a flashing white light from ATC indicate to the pilot of a taxiing aircraft?
364	ar-7	ar-9, ar-11	VERIFIED	A	Turn right while moving forward			Annex 2 App 1 5 (turn signals; waving arm on the side of the turn)	older wording	If a marshaller holds his hand down and waves is right arm continually upwards and backwards, what does he want the pilot to do?
365	ar-9	ar-13	FLAGGED	B	5700 Kg			as #225		Anti collision light is reqd. for A/C whose AUW exceeds
366	ar-7	ar-9, ar-11	VERIFIED	A	09			FAA AIM 2-3-3	west end faces east (090)	The west end of a runway oriented east and west is numbered
367	ar-3	ar-3	VERIFIED	B	Aeroplanes towing gliders shall give way to balloons.			Annex 2 3.2.2.3 a) (power-driven heavier-than-air gives way to balloons)		When converging at approximately the same altitude:
368	ar-13	ar-18	VERIFIED	B	To relieve frequency congestion.			CAR Sec 9 Series E Pt I 4.3.4 (Voice-ATIS where required to reduce the communication load)		ATIS is normally provided:
369	ar-9	ar-13	VERIFIED	D	1000 hrs.			as #108		Max flying hours for a flight crew in one years is:
370	ar-6	ar-4	VERIFIED	C	the surface of the earth to a specified upper limit			Annex 2 def. Control zone		A Control Zone normally is controlled airspace extending upwards from
371	ar-6	ar-4	VERIFIED	C	1,000 feet vertically and 1.5 km horizontally.			AIP India ENR 1.2 §1		When on VFR flight within controlled airspace, a pilot must remain clear of clouds by at least
372	ar-3	ar-3	FLAGGED	A	1 hr and 52 mins			CAR Sec 9 Series C Pt I 4.3	correct answer 2 h 12 (1232+20-1040) is not among the options - rewrite	A VFR flt takes off from Jaipur at 1040 hrs for Ahmedabad. Sunset time at Ahmedabad is1232hrs. What is the maximum flying time available to the p-i-c to land at Ahmedabad?
373	ar-9	ar-13	FLAGGED	C	A, B, C, & D			AIP India ENR 1.4 (Class E = ATS route segment outside CAS; D within CAS)	keyed C (A,B,C,D) conflicts with #269/#458 in the same bank	Indian ATS Routes come under _______class of airspace:
374	ar-9	ar-13	VERIFIED	B	During hours of night.			Annex 2 3.2.3.1 (navigation lights sunset to sunrise)		An aircraft not fitted with navigation lights cannot be flown:
375	ar-4	ar-7, ar-12	VERIFIED	B	Aerodrome is unsafe, do not land			Annex 2 App 1 3.1		Series of Red flashes from control tower when aircraft is in flight means:
376	ar-9	ar-13	VERIFIED	C	All -up weight of the aircraft.			AAI charges schedule (landing charges by weight of aircraft)		Landing and housing charges are payable by private aircraft according to:
377	ar-9	ar-13	VERIFIED	D	Cannot bring them.			Aircraft (Public Health) Rules 1954 r.41 ("No person shall bring into India any dead-body or human remains of persons who may have died of yellow fever, plague, anthrax, glanders")		A person can bring unto human remains of a person who may have died of plague:
378	ar-6	ar-4	VERIFIED	A	For all flights			AIP India ENR 1.10 §1 (information on any flight in Indian airspace to be submitted as a flight plan)		Flight plan must be filed;
379	ar-11	ar-24	VERIFIED	D	Air traffic services reporting office.			Annex 2 App 1 4.2.7		The letter ‘C’ displayed vertically in black against a yellow background indicates the location of the:
380	ar-6	ar-4	FLAGGED	D	Irrespective of weather condition and flight level.	D	Irrespective of weather condition and flight level.	AIP India ENR 1.2 §3	night VFR is permitted when exempted by ATC (local and flying-club training flights); "irrespective" is too absolute	All the flights at night must be conducted in accordance with IFR.
381	ar-6	ar-4	VERIFIED	D	15 min.			Doc 4444 5.4.2.2.1.1 a)		Horizontal separation of aircraft at same cruising level and in same track by time is:
382	ar-7	ar-9, ar-11	VERIFIED	A	Domestic Routes			as #100		Letter ‘W’ in air routes designates:
383	ar-7	ar-9, ar-11	VERIFIED	C	Alternate white and green.			CAR Sec 4 Series B Pt I 5.3.3.6 (white flashes alternating with green at land aerodromes)		Colour specification of rotating aerodrome beacon
384	ar-3	ar-3	VERIFIED	C	Green			as #299		An Aircraft is crossing at right angle left to right then the light seen by you , as PIC is:
385	ar-1	ar-1	VERIFIED	B	5000 mts			AIP India ENR 1.2 1 (5 km below 10000 ft)		In class ‘D’ airspace visibility required for VFR flight below 10000’ ft.
386	ar-6	ar-4	VERIFIED	B	first report after 30 mins and subsequent after 60 mins			Doc 4444 4.11.1.2		On a X-country flight where reporting points are not available position report shall be made every _____ min in IMC.
387	ar-13	ar-18	CORRECTED (proposed, not applied)	C	Met information.	D	Operational Information	Doc 4444 4.12.2 (Section 2 = Operational information)	keyed C (Met) is Section 3	Second section of “Air Report” contains:
388	ar-9	ar-13	VERIFIED	C	An Aircraft			Doc 4444 def. Special air-report (made by an aircraft)		Special Air Report is made by:
389	ar-1	ar-1	VERIFIED	C	Unidirectional red			CAR Sec 4 Series B Pt I 5.3.11.4 (runway end lights fixed unidirectional red)		Runway end lights appear as:
390	ar-1	ar-1	VERIFIED	A	02 mins			Doc 4444 5.8.3.1		Separation between medium a/c taking off behind heavy a/c of (or) light a/c taking off behind medium a/c is:
391	ar-9	ar-13	VERIFIED	A	15 mts			as #215		No unauthorized person must be within ______ mtr of a/c while refueling is going on
392	ar-9	ar-13	VERIFIED	C	30 mins			as #275		Fresh ADC is required in case the flight is delayed by:
393	ar-9	ar-13	FLAGGED	A	20 mts after sunset	A	20 mts after sunset	see #226		In night starts from
394	ar-9	ar-13	VERIFIED	B	5			Aircraft Rules r.38B		For an aircraft having seating capacity of 215 passengers, in number of cabin attendants required is:
395	ar-6	ar-4	VERIFIED	D	An ATC service is provided.			Annex 2 def. Controlled airspace		“Controlled Airspace “means airspace of defined dimensions within which
396	ar-4	ar-7, ar-12	VERIFIED	B	Return to starting point on the airport.			Annex 2 App 1 3.1 (white flashes, on ground: return to starting point)		A flashing white light directed at an aircraft on the maneuvering area of an airport means
397	ar-7	ar-9, ar-11	VERIFIED	B	Vacate the runways immediately.			Doc 4444 7.6.3.2.3.3 ("Flashing runway or taxiway lights - Vacate the runway and observe the tower for light signal")		Blinking runway lights advises vehicles and pedestrians to
398	ar-3	ar-3	VERIFIED	C	110 degrees			14 CFR 25.1387(c)		The starboard navigation light of an aircraft is visible over an arc of:
399	ar-3	ar-3	CORRECTED (proposed, not applied)	C	Only when overtaking on the ground	D	Never	Annex 2 3.2.2.2, 3.2.2.4, 3.2.2.7.1	no ICAO rule ever requires altering to the LEFT; on the ground the overtaking aircraft "shall keep well clear" (no direction). Keyed C comes from old UK rules. Captain to confirm no Indian variant	Under what circumstances should an aircraft giving way alter its course to the left?
400	ar-6	ar-4	VERIFIED	D	A specified height above the surface of the earth, which should not be less than 200 mts			Annex 11 2.10.3 via Air Law textbook (lower limit not less than 200 m)		A Control Area normally is controlled airspace extending upwards from
401	ar-3	ar-3	VERIFIED	C	The a/c which has the other a/c to its right.			Annex 2 3.2.2.3		When two power driven aircraft are in crossing course, the responsibility of avoiding collision, rests with:
402	ar-5	ar-5, ar-6, ar-8	VERIFIED	B	Transition level			AIP India ENR 1.7 §3 (approach: FL until transition level, then altitude)		The a/c approaching to land at an aerodrome changes its altimeter subscale setting to QNH setting while crossing:
403	ar-3	ar-3	VERIFIED	D	Cannot be sued.			as #78		An a/c flying low due to thunder storm for safety reasons can be sued by:
404	ar-8	ar-19, ar-21	VERIFIED	B	Speaks MAY DAY on R/T			Annex 10 Vol II / Doc 9432 (MAYDAY = distress)		During the distress phase an a/c:
405	ar-13	ar-18	VERIFIED	A	first report after 30 mins and subsequent after 60 mins			Doc 4444 4.11.1.2		When flying outside a regular route, an aircraft should report its position to the appropriate ATS unit.
406	ar-4	ar-7, ar-12	VERIFIED	C	0.45mts			CAR Sec 4 Series B Pt I 5.2.3 (0.45 m on precision approach Cat I runways)		Min. width of runway centre line stripes for Cat I runways is:
407	ar-3	ar-3	VERIFIED	A	Cannot fly			CAR Sec 9 Series C Pt I 3.1.8 "No civil aircraft shall be flown in formation."	REVERSAL: my first audit proposed D from ICAO Annex 2 3.1.8. The Indian rule differs from ICAO; keyed A is correct for India	Aircraft intending to fly in formation:
408	ar-4	ar-7, ar-12	VERIFIED	B	Aircraft are required to land, take off and taxi on runway and taxiways only.			Annex 2 App 1 4.2.4		A horizontal white dumbbell displayed in signal area means:
409	ar-4	ar-7, ar-12	VERIFIED	A	An aerodrome specified in the flight plan t o which a flight may proceed when it becomes in advisable to land at the aerodrome of intended landing.			Annex 2 Ch1 def. Alternate aerodrome		An alternate aerodrome means:
410	ar-3	ar-3	VERIFIED	D	2000 ft above the highest obstacle located within 8 kms of the estimated position of the aircraft.			Annex 2 5.1.2 a) (600 m within 8 km)		. 27. While flying over high terrain or in mountainous regions, as IFR flight shall be flown at a level which is at least.
411	ar-9	ar-13	VERIFIED	C	Sealed in zinc and packed in a wooden box. Closed in a shell of zinc, joints sealed, shell enclosed in a teak wooden box which is enclosed in zinc lined box, filled with saw dust impregnated with carbolic powder.			as #91		A person died of cholera, his body can be brought to if:
412	ar-9	ar-13	FLAGGED	B	4 hrs			CAR Sec 7 Series J Pt III 16.1 (FDP extension max 2 h)	no option offers 2 h; outdated	Flight Duty Time can be extended by______ hrs in a day:
413	ar-6	ar-4	VERIFIED	A	2 min.			Doc 4444 5.8.3.1		A light aircraft taking off behind a heavy aircraft requires a spacing of:
414	ar-13	ar-18	VERIFIED	C	243.0 MHz			Captain SAR notes (243.0 MHz)		Emergency µHF frequency is:
415	ar-10	ar-22, ar-25, ar-26	VERIFIED	A	pilot disorientation			FAA AIM 8-1 (Coriolis)		Abrupt head movement during a prolonged constant rate in IMC or simulated instrument conditions can cause:
416	ar-1	ar-1	VERIFIED	A	Annex 2			Annex 2 = Rules of the Air		Information about rules of the air is contained in _________ICAO document.
417	ar-10	ar-22, ar-25, ar-26	VERIFIED	C	false horizons			FAA AIM 8-1 (false horizon)		A sloping cloud formation, an obscured horizon, and a dark scene spread with ground lights and stars can create an illusion known as:
418	ar-5	ar-5, ar-6, ar-8	VERIFIED	A	Flight Levels			AIP India ENR 1.7 §2.1.2		An a/c climbing through the transition layer will reports its height in:
419	ar-6	ar-4	VERIFIED	B	15mins			Doc 4444 5.4.2.2.1.1 a)		Longitudinal separation between two a/c on same track is:
420	ar-5	ar-5, ar-6, ar-8	VERIFIED	C	2000’			Doc 4444 5.3.2 (2000 ft above FL410)		Separation above F410 is:
421	ar-3	ar-3	VERIFIED	C	Prohibited Area			Aircraft Rules Schedule I (3) "The Area around Rashtrapati Bhavan"; AIP ENR 5.1		Rashtrapati Bhawan is a
422	ar-2	ar-2, ar-14, ar-15	VERIFIED	C	5 yr			as #97		Log books of flight crew personnel shall be preserved for not less than ___ years after completion:
423	ar-9	ar-13	VERIFIED	D	14 days			Aircraft (Public Health) Rules 1954 r.2(15) (typhus 14 days)		Incubation period for typhus is:
424	ar-1	ar-1	FLAGGED	A	9 hrs 3 landing	A	9 hrs 3 landing	CAR Sec 7 J Pt III (2019)	old domestic/international table no longer exists; outdated	International flight flying time in one day is restricted to_____ for flight crew:
425	ar-9	ar-13	VERIFIED	A	1			as #524		Pilot to act as PIC of a public transport a/c should have flown on that route times:
426	ar-10	ar-22, ar-25, ar-26	DROPPED (recommended)	C	compartments occupied by them will be less than 620 hPa.			malformed	extraction split the answer across options B-C	A flight to be operated at altitudes at which the atmospheric pressure in personnel compartments will be less than 700 hpa should not be commenced unless sufficient stored breathing oxygen is carried to supply: all crew
427	ar-9	ar-13	VERIFIED	C	60 m			CAR Sec 4 Series B Pt I 5.2.4.5 (60 m = 16 = 8 each side)		Runway threshold stripes are 8 on each side of central line of runway:
428	ar-4	ar-7, ar-12	VERIFIED	A	above filed minima			CAR Sec 8 Series C Pt I 4.6.5		RVR for a runway filed by an operator is 500m. Threshold RVR is reported to be 800 m. It is:
429	ar-1	ar-1	FLAGGED	B	steeper than normal	C	shallower than normal	HPL textbook, Black Hole Effect ("approach path may be flown at too shallow an angle")	the approach APPEARS steep but is FLOWN shallow; stem says "will be", so keyed B describes the illusion, not the path	For a VFR flight making approach at night, the approach will be
430	ar-9	ar-13	VERIFIED	B	AIC			AIP India GEN 3.1 (AIC: forecast of change in legislation)		Draft amendments to aircraft rules 1937 will be published in:
431	ar-3	ar-3	FLAGGED	C	10 mins at the time levels are crossed	C	10 mins at the time levels are crossed	Doc 4444 5.4.2.2.3	rule is vertical separation for 10 min before AND after estimated passing; none of the options states it; C closest	An aircraft on a reciprocal track will be separated by:
432	ar-9	ar-13	BLOCKED	B	DGCA			no held provision		A pilot involved in an incident whose flying has been stopped can start flying again with the permission of :
433	ar-4	ar-7, ar-12	CORRECTED (proposed, not applied)	B	50’	C	100’	CAR Sec 8 Series C Pt I (AWO 2022, Rev 2 2026) - Cat II DH "not lower than 30 m (100 ft)"	keyed B (50 ft) is below the Cat II floor	HAT for Precision approaches Cat II is:
434	ar-2	ar-2, ar-14, ar-15	VERIFIED	B	10			Aircraft Rules r.39C as amended by G.S.R. 733(E) 10-10-2023 (PPL 10 years)		If PPL holder is 30 years old, his license can be renewed for a period of___________yrs
435	ar-3	ar-3	VERIFIED	D	Cannot be sued.			as #78		An a/c flying low due to thunder showers for safety reasons can be sued by:
436	ar-9	ar-13	VERIFIED	D	Cannot bring them.			as #377		A person can bring to human remains of a person who has died of plague:
437	ar-3	ar-3	VERIFIED	A	Land as soon as possible without endangering the safety of the aircraft.			UK Rules of the Air (legislation.gov.uk, SI 2007/3468 Sch 8 r.48): if a navigation light fails in flight "the aircraft shall land as soon as it can safely do so, unless authorised ... to continue"	UK source (the lineage of India's old Schedule IV); no Indian text located	If navigation lights fail at night then:
438	ar-9	ar-13	DROPPED (recommended)	C	impregnated with carbolic powder.			malformed	extraction split the answer across A-C; unanswerable	A person dies of cholera, his body can be brought to if: Packed in a wooden box. Cannot be brought.
439	ar-9	ar-13	VERIFIED	D	ZZZZ			Doc 4444 App 2 Item 9 (ZZZZ)		In case ICAO aircraft designator is not assigned, insert _________ in item 9 of flight plan:
440	ar-7	ar-9, ar-11	VERIFIED	D	AIP			AIP India AD 2 (instrument approach charts)		Inst. Chart procedures are given in:
441	ar-9	ar-13	VERIFIED	C	Route guides			Aircraft Rules r.140C(b) (instrument let-down procedures in the Route Guide)		Inst. Charts carried in aircraft are contained in:
442	ar-7	ar-9, ar-11	VERIFIED	C	AIP			AIP India ENR 5.1		Danger areas are given in:
443	ar-7	ar-9, ar-11	VERIFIED	B	AIP			AIP (AD 2)		To know the current watch hours at an aerodrome, pilot should refer to
444	ar-5	ar-5, ar-6, ar-8	VERIFIED	C	2000’			Doc 4444 5.3.2 / RVSM (non-approved aircraft 2000 ft)	duplicate #612	Vertical separation applicable to non-RVSM aircraft operative in RVSM airspaces is
445	ar-4	ar-7, ar-12	VERIFIED	A	RVR/ Visibility and weather below minima specified by the operator			Ops textbook: aerodrome operating minima are established by the operator		Weather below minima implies that:
446	ar-6	ar-4	VERIFIED	B	runway in use			Annex 2 App 1 4.2.5.2 (two digits: direction for take-off)		Two digits in black over yellow back ground hanging from the tower indicates
447	ar-4	ar-7, ar-12	VERIFIED	A	Precision app			as #145		Decision altitude is related to:
448	ar-4	ar-7, ar-12	CONSISTENT (not document-checked)	A	Higher than precision app minimas			Doc 8168 via PANS-OPS (Air Law textbook ch.7-8 / Captain PANS-OPS notes): circling OCA/H not lower than straight-in		Circling minimas are:
449	ar-7	ar-9, ar-11	VERIFIED	D	AIP			AIP India AD 2 charts		SIDS are published in:
450	ar-4	ar-7, ar-12	VERIFIED	B	Land at this aerodrome and proceed to apron.			Annex 2 App 1 3.1 (white flashes, in flight: land at this aerodrome and proceed to apron)		White flashes from tower to aircraft in flight means:
451	ar-4	ar-7, ar-12	VERIFIED	A	Terrine clearance			Doc 8168 def. OCA/H (lowest altitude used in establishing compliance with obstacle clearance criteria)		OCA is determined after taking into account margin for:
452	ar-4	ar-7, ar-12	FLAGGED	B	350m/30m	B	350m/30m	CAR Sec 8 Series C Pt I: Cat II RVR not less than 300 m	350 m is outdated; no option says 300 m	RVR/DH for cat II ILS ops is:
453	ar-4	ar-7, ar-12	FLAGGED	A	200m/Nil	A	200m/Nil	CAR Sec 8 Series C Pt I: Cat III = DH below 30 m or none, RVR below 300 m	current CAR no longer splits IIIA/IIIB; 200 m is outdated	RVR/DH minima cat III A MLS is:
454	ar-6	ar-4	VERIFIED	C	First report after 30 mins and sub regent after 60 mins			Doc 4444 4.11.1.2		Position reports to be given by an aircraft in VMC, if no route is being followed will be at an interval of
455	ar-10	ar-22, ar-25, ar-26	CORRECTED (proposed, not applied)	B	700 hPa	A	620 hPa	CAR Sec 8 Series O Pt II 4.3.9.1 (all crew and passengers: below 620 hPa; 700 hPa applies to crew + 10 % passengers after 30 min)	keyed B (700) is wrong for all crew and passengers	Oxygen is carried on board for crew members and passengers when atmospheric pressure will be less than:
456	ar-8	ar-19, ar-21	VERIFIED	B	Alert phase			CAR Sec 9 Series E Pt I 5.2.1 b) (alert phase: operating efficiency impaired, forced landing not likely)		A twin engine p-i-c has decided to divert due to failure of one engine. It will be
457	ar-9	ar-13	VERIFIED	B	DGCA			Aircraft Rules r.24B		Prisoners can be carried on board with the permission of :
458	ar-9	ar-13	FLAGGED	D	D,E,F,G	D	D,E,F,G	as #269		Indian airspace is classified as:
459	ar-13	ar-18	VERIFIED	A	Aerodrome unsafe do not land			Annex 2 App 1 3.1		Series of red flashes to an aircraft in flight indicate:
460	ar-3	ar-3	VERIFIED	B	Above FL150			AIP India ENR 1.2 §4.1		VFR flts are not permitted:
461	ar-4	ar-7, ar-12	VERIFIED	A	AIRAC			AIP India GEN 3.1 (AIRAC system for operationally significant changes; establishment of radio nav aids is an AIRAC item, Annex 15 App 4)		Advance notification for establishment of a VOR at an airport shall be notified by means of
462	ar-10	ar-22, ar-25, ar-26	DROPPED (recommended)	C	instrument flight.			malformed	answer split across options B-D by extraction	The sensations which lead to spatial disorientation during instrument flight conditions:
463	ar-1	ar-1	BLOCKED	C	50 m from the edge of the runway			no held source for a 50 m default holding distance		Where taxiway holding positions have not been established, aircraft waiting to enter an active runway 1000m of length should normally hold.
464	ar-9	ar-13	CORRECTED (proposed, not applied)	C	Then to a specified alternate and then for a period of 45 minutes at normal cruising speed.	B	And then fly for a period of 30 minutes at normal cruising speed.	CAR Sec 8 Series O Pt III 2.2.3.6 c) (day VFR: destination + 30 minutes at normal cruising altitude)	keyed C (alternate + 45 min) is the IFR requirement	The amount of fuel carried on board any propeller driven aeroplane at the commencement of a day VFR flight must be sufficient ,having regard to the meteorological conditions and foreseeable delays that are expected in flight , to fly to the destination aerodrome
465	ar-7	ar-9, ar-11	VERIFIED	D	15 cms			CAR Sec 4 Series B Pt I 5.2.8.10 (taxiway centre line at least 15 cm)		Width of Taxy track centre line markings is:
466	ar-6	ar-4	FLAGGED	B	At least 700’ from the surface of the earth to unlimited	B	At least 700’ from the surface of the earth to unlimited	Annex 2 def. Control area (upward from a specified limit); Annex 11 lower limit not less than 200 m	"to unlimited" is wrong - the upper limit is specified; B is least wrong	CTA extends from:
467	ar-1	ar-1	VERIFIED	C	Not applicable			AIP India ENR 1.4 table (speed limitation: not applicable in Class A)		Speed limitations in class ‘A’ airspace are :
468	ar-8	ar-19, ar-21	VERIFIED	C	Uncertainity phase			Doc 4444 / Annex 11 (uncertainty: 30 min after ETA)		A Boeing 737 aircraft fails to arrive over DPN at 1135 UTC .His ETA DPN is 1105 UTC .It will be a:
469	ar-1	ar-1	VERIFIED	A	Maintain heading and speed			Annex 2 3.2.2 (right-of-way aircraft maintains heading and speed)		Aircraft that has right -of-way shall:
470	ar-1	ar-1	VERIFIED	D	8kms			AIP India ENR 1.2 1 (8 km at/above 10000 ft)		In class ‘D’ airspace, a VFR Flt at F120 requires inflight visibility of:
471	ar-3	ar-3	VERIFIED	C	F 170			Annex 2 App 3		On a magnetic track of 000º, an IFR flt can fly at:
472	ar-4	ar-7, ar-12	VERIFIED	A	IFR departures at busy aerodromes			PANS-OPS (Captain's notes Ch.12) SID		SIDs are used for:
473	ar-10	ar-22, ar-25, ar-26	FLAGGED	C	Using oxygen above 5000 AMSL during night time	C	Using oxygen above 5000 AMSL during night time	FAA AIM 8-1 (dark adaptation impaired above 5000 ft)	"hypoxia controlled by oxygen above 5000 ft at night" is a recommendation, not a control; wording	Hypoxia can be controlled by:
474	ar-10	ar-22, ar-25, ar-26	VERIFIED	C	N2 babbles in tissues.			HPL textbook DCS (nitrogen bubbles)		Decompression sickness causes:
475	ar-13	ar-18	VERIFIED	B	60mins			Annex 2 3.3.1.4 (at least sixty minutes before departure)		Flight plan shall be submitted atleast ______ mins before departure
476	ar-1	ar-1	VERIFIED	B	Annex 6			Annex 6 = Operation of Aircraft		Annex dealing with operation of Aircraft is
477	ar-7	ar-9, ar-11	VERIFIED	A	Aerodromes			AIP India AD section		AIP contains information on:
478	ar-7	ar-9, ar-11	VERIFIED	C	45º			CAR Sec 4 Series B Pt I 3.9.18 (RET not greater than 45 deg nor less than 25 deg, preferably 30)		Angle of intersection of Rapid Exit Taxiways with runway should not be more than:
479	ar-7	ar-9, ar-11	VERIFIED	D	50 m			Air Law textbook 20.12 (stripe + gap not less than 50 m)		Length of runway centre line stripe + gap should not be less than
480	ar-10	ar-22, ar-25, ar-26	VERIFIED	A	An increased sense of well being			HPL textbook (euphoria early symptom)		A major early symptom of Hypoxia is
481	ar-6	ar-4	VERIFIED	B	250 knots			AIP India ENR 1.4 (250 kt IAS below 10000 ft)	stem lost "India"	What is the maximum speed for an aircraft to fly under VFR at 8000 feet in class G airspace in ?
482	ar-4	ar-7, ar-12	FLAGGED	D	100’ & upto 350m	D	100’ & upto 350m	CAR Sec 8 Series C Pt I: Cat II RVR not less than 300 m	outdated 350 m	In Cat II ILS approach, what is DH & RVR?
483	ar-3	ar-3	VERIFIED	C	1000 feet above the highest fixed object within 8 km of its position			Annex 2 5.1.2 b) (300 m within 8 km)		What is the minimum cruise altitude under IFR (over non-mountainous terrain) allowed by ICAO?
484	ar-5	ar-5, ar-6, ar-8	VERIFIED	D	All the above			Annex 2 App 2 1.1 (follow, call 121.5, squawk A7700)		If a military aero plane flies alongside you and rocks its wings, what should you do?
485	ar-6	ar-4	VERIFIED	D	Give way to other aircraft and continue circling			Annex 2 App 1 3.1		What does a steady red light from ATC indicate to the pilot of an aircraft in flight?
486	ar-13	ar-18	VERIFIED	A	A steady green light and nor			Annex 2 App 1 3.1	option A text damaged	What light signal indicates to the pilot of an aircraft in the air that he may land?
487	ar-1	ar-1	VERIFIED	A	Show his open hand then close it			Annex 2 App 1 7 a) (set brakes: open palm, then close into a fist)		What signal should the pilot use to tell his ground handler that his brakes are on?
488	ar-4	ar-7, ar-12	VERIFIED	D	Make all take-offs, landings and taxiing on runways & taxiways only.			Annex 2 App 1 4.2.4		What does a white dumbbell in the signal area mean?
489	ar-7	ar-9, ar-11	VERIFIED	A	A white T in the signal area or or			Annex 2 App 1 4.2.5.1	option A text damaged ("or or")	What ground signal indicates the runway in use to an aircraft in the air?
490	ar-4	ar-7, ar-12	VERIFIED	D	Take special care during approach and landing			Annex 2 App 1 4.2.2		In the signals area there is a red square with a yellow diagonal. What does this mean?
491	ar-13	ar-18	VERIFIED	A	An aircraft			Aircraft Rules r.3(7) (Aircraft def.)		What is defined as “Any machine that can derive support in the atmosphere from the reaction of the air other than the reactions of the air against the earth’s surface”?
492	ar-6	ar-4	VERIFIED	C	A Control Zone			Annex 2 def. Control zone		Which type of controlled airspace touches the ground?
493	ar-6	ar-4	VERIFIED	B	Flight Information Service			Annex 2 / Doc 4444 def. Flight information service		What Air Traffic Service gives a pilot information about possible conflicting traffic but no advice as to the correct action to take to avoid it?
494	ar-6	ar-4	VERIFIED	B	Class C			AIP India ENR 1.4 Class C		In which Class of controlled airspace does ATC provide separation to IFR traffic from all other traffic, no separation between VFR traffic, but VFR traffic must have clearance to enter the airspace?
495	ar-6	ar-4	VERIFIED	D	Controlled traffic arriving or departing the aerodrome only			Doc 4444 def. Approach control service (controlled flights arriving/departing)		ATC may provide an Approach Control Service. For what traffic is it primarily provided?
496	ar-5	ar-5, ar-6, ar-8	VERIFIED	B	Air Traffic Advisory Service			AIP India ENR 1.4 / Annex 11 def. air traffic advisory service		What is defined as “A service provided within advisory airspace to ensure separation, in so far as is practical, between aircraft which are operating on IFR flights plans. “?
497	ar-8	ar-19, ar-21	VERIFIED	C	Distress phase			CAR Sec 9 Series E Pt I 5.2.1 c) (distress phase: forced landing likely)		Cessna aircraft call sign VGA gives a call that he has a lot of smoke in the cockpit and is going to land at a nearby field. It will be a:
498	ar-3	ar-3	VERIFIED	B	2000’			as #181		The aerobatics shall be carried out not below:
499	ar-13	ar-18	FLAGGED	A	Air temp, turbulence, spot wind	A	Air temp, turbulence, spot wind	Doc 4444 4.12 Section 3	"spot wind" is old wording; A closest	Met report contains
500	ar-5	ar-5, ar-6, ar-8	VERIFIED	C	4000’ AMSL			AIP India ENR 1.7 §2.1.1		Transition altitude at an aerodrome is above _____ Msl in
501	ar-13	ar-18	VERIFIED	A	Notams			AIP India GEN 3.1 (NOTAM)		Change in frequency or location of navigational aids on short notice is notified through:
502	ar-10	ar-22, ar-25, ar-26	CONSISTENT (not document-checked)	C	Hypothermia			standard definition		When body temp. is low, its called:
503	ar-1	ar-1	VERIFIED	D	Red			as #389		Runaway end lights appear as _____ lights:
504	ar-1	ar-1	VERIFIED	B	Green			as #286		Taxytrack center line lights are
505	ar-4	ar-7, ar-12	VERIFIED	C	below minima			Ops textbook, planning minima		IFR flight shall not be commenced if the weather at destination and alternate is
506	ar-1	ar-1	VERIFIED	B	5 NMS, 1000’			AIP India ENR 5.2.2		ADC is exempted for A/C flying within ___of the aerodrome and below
507	ar-1	ar-1	VERIFIED	B	White			CAR Sec 4 Series B Pt I 5.3.12.7 (variable white)		Runway centre line lights are:
508	ar-6	ar-4	VERIFIED	B	90º			Doc 4444 9.1.4.2.2.2		Crossing of an ATS route should be at an angle of :
509	ar-9	ar-13	VERIFIED	B	900 lts			as #262		Petroleum in bulk is petroleum in receptable, which exceeds
510	ar-9	ar-13	FLAGGED	C	1994	C	1994	as #263		The demolition of buildings and trees act was came into effect in year
511	ar-1	ar-1	VERIFIED	B	Inform health officer of destination			as #111		If a passenger falls sick then action by PIC is
512	ar-6	ar-4	VERIFIED	B	Rocking Wings			Annex 2 App 1 3.2		If an a/c has R/T failure then it will indicate to the ATC during day by
513	ar-9	ar-13	FLAGGED	A	20 mins after Sunset to 20 mins before	A	20 mins after Sunset to 20 mins before	see #226		Night flying hours can be logged between
514	ar-4	ar-7, ar-12	VERIFIED	C	Magnetic North			as #36		Runway direction is measured from
515	ar-1	ar-1	VERIFIED	A	F 260			Annex 2 App 3 (180 is in 180-359 band; FL260 even)		An A/C flying a track of 180 degrees will fly at ____ level on a IFR plan..
516	ar-7	ar-9, ar-11	VERIFIED	B	Cut Engines			Annex 2 App 1 5.10		If the marshaller has either arm placed level with chest and moved laterally indicates
517	ar-7	ar-9, ar-11	VERIFIED	D	loading/unloading of passengers, mail and cargo, fueling, parking or maintenance.			Annex 2 def. Apron	options A-C damaged by extraction	Apron is an area on aerodrome where following activities take place:
518	ar-6	ar-4	VERIFIED	B	30º at 15 NMs			Doc 4444 5.4.1.2.1.2 b) (NDB 30° and 15 NM)		NDB separation is
519	ar-13	ar-18	VERIFIED	A	Not withstanding any previous instructions, do not land for the time being.			Annex 2 App 1 3.1 (red pyrotechnic: notwithstanding previous instructions, do not land for the time being)		Red pyrotechnic light to A/C in flight indicates
520	ar-9	ar-13	FLAGGED	C	9 hrs 3 landing	C	9 hrs 3 landing	see #92	outdated	International flying time in one day is:
521	ar-7	ar-9, ar-11	VERIFIED	A	Alternate white & green			as #383		Aerodrome beacon light colour is
522	ar-5	ar-5, ar-6, ar-8	VERIFIED	B	Flight level			AIP India ENR 1.7	12000 ft is above every Indian TA	If an A/C flying at F290 is descending over Palam and its altimeter reads 12000 ft then the pilot will report its height as
523	ar-3	ar-3	VERIFIED	B	F 240			Annex 2 App 3 (180 is in the 180-359 band)		For an IFR flt on a track of 180º (M) , FL to be selected is
524	ar-1	ar-1	VERIFIED	A	1			CAR Sec 8 Series O Pt II 9.4.3 (PIC: at least one trip on the route within the preceding 12 months)		Pilot to act as PIC of a public transport a/c should have flown on that route:
525	ar-6	ar-4	VERIFIED	B	5% & 10 kts			CAR Sec 9 Series C Pt I 3.6.2.2 c) (TAS varies by +/- Mach 0.02 or +/- 10 kt)	"5 %" in option B is the old wording; 10 kt is current	The pilot has to inform the ATC if its TAS changes by
526	ar-8	ar-19, ar-21	VERIFIED	C	5 mins			as #231		The alert phase starts when an A/C fails to land within
527	ar-1	ar-1	VERIFIED	C	30 mts			Aircraft Rules r.25A(2)(c) (30 m)		No smoking shall be permitted within _______mtrs .of A/C (or) fuelling equipment.
528	ar-10	ar-22, ar-25, ar-26	CORRECTED (proposed, not applied)	C	All crew when pressure below 700 hPa.	B	All crew Passengers	CAR Sec 8 Series O Pt II 4.3.9.2 (pressurised: all crew members AND passengers, below 700 hPa after loss of pressurisation)	keyed C omits passengers	Flight to be operated in pressurized a/c, flight is not to commence unless oxygen is carried to supply:
529	ar-9	ar-13	CORRECTED (proposed, not applied)	A	30 m	C	60 m	CAR Sec 4 Series B Pt I 5.2.4.5	"8 on each side" = 16 stripes = 60 m; keyed A contradicts #427	46 Runway threshold stripes are 8 on each side of central line of runway:
530	ar-10	ar-22, ar-25, ar-26	VERIFIED	B	Steeper than normal			as #144		For a VFR flight making approach at night, the approach will appear to be.
531	ar-3	ar-3	VERIFIED	C	The aircraft that has the other on its right shall give way.			Annex 2 3.2.2.3		When two aircraft are converging at approximately the same altitude
532	ar-7	ar-9, ar-11	CORRECTED (proposed, not applied)	C	To extinguish any fire with minimum delay	D	To save lives	CAR Sec 4 Series B Pt I 9.2 Note: principal objective of a rescue and firefighting service is to save lives	keyed C (extinguish fire) is wrong	What is the principle objective of a rescue and firefighting service?
533	ar-8	ar-19, ar-21	VERIFIED	A	A survivor requires medical assistance			Captain SAR notes (X = require medical assistance)		If a pilot sees 2.5 meter symbol “X” on the ground, What does it mean?
534	ar-4	ar-7, ar-12	VERIFIED	C	A survivor requires general assistance			Captain's SAR notes / Annex 12 ground-air code: V = require assistance		If pilot sees 2.5 meter symbol “V” on the ground, what does it mean?
535	ar-12	ar-16, ar-17, ar-20	FLAGGED	A	Constant Airspeed	A	Constant Airspeed	no held source	FAA and textbook doctrine is to hold ATTITUDE and accept speed/altitude changes (turbulence speed); "constant airspeed" is disputed. Same for #595 #724 #761	If you fly into Severe Turbulence which flight condition should you intend to maintain -
536	ar-7	ar-9, ar-11	VERIFIED	B	Alternative Red and White light from 3000 ft to 1000 ft and then Red light to the end.			CAR Sec 4 Series B Pt I 5.3.12.7 (white to 900 m from end; alternate red/white 900-300 m; red last 300 m)		Identify Runway lighting on center line lighting system:
537	ar-7	ar-9, ar-11	VERIFIED	C	Alternate green & Yellow light covering from center line of Runway to the center line of Taxiway.			CAR Sec 4 Series B Pt I 5.3.17.7 (exit taxiway centre line lights alternate green and yellow)		Identify Taxi way lights associated with center line lighting system:
538	ar-1	ar-1	VERIFIED	C	Total one hour of the oldest recorded data at the time of testing may be erased.			14 CFR 121.343(h) ("A total of 1 hour of recorded data may be erased ... must be of the oldest recorded data accumulated at the time of testing")	US regulation; not found in DGCA CARs or ICAO text held	For testing of Flt Recorder System:
539	ar-4	ar-7, ar-12	FLAGGED	D	20 Nms	D	20 Nms	CAR Sec 9 Series R Pt I 1.2 ("minimum 1000 feet clearance from the highest obstacle within the route width of 20 nautical miles") vs AIP India GEN 3.3 5.1 ("within 10 KM on each side")	REVERSAL: my first audit proposed B from the AIP. The DGCA CAR supports the key (20 NM). Two official sources disagree - Captain to rule	En-route Altitude will be determined for each stage of the route by taking 1000 ft of Terrain clearance with in a width of:
540	ar-3	ar-3	VERIFIED	A	2 NMs from the Aerodrome			as #118		Aerobatic can be done below Altitude 6000 ft at least at a distance of:
541	ar-9	ar-13	FLAGGED	B	4 hrs			as #412		Flt Duty Time in the event of being extended shall be limited to:
542	ar-1	ar-1	VERIFIED	B	All Inst and Visual Flts			AIP India ENR 1.10 (flight plan for any flight in Indian airspace)		A flt- plan is required to be submitted to the appropriate ATS unit for: -
543	ar-1	ar-1	FLAGGED	B	8 hrs and 6 landings	B	8 hrs and 6 landings	CAR Sec 7 J Pt III 6.1 (8 h FT band allows 6 landings at FDP 11:00)	"domestic" framing is outdated; B matches the current 6-landing band	Flt Crew on Domestic Flt, the Flt time should not exceed more than ______ and No. of landing restrictions is
544	ar-6	ar-4	VERIFIED	C	10			AIP India ENR 1.7 (transit FIR to FIR: transmit estimate at least 10 minutes prior to entry)		All A/c from one FIR to another FIR should contact ATS unit responsible for providing FIS ___________ mts prior to entry.
545	ar-10	ar-22, ar-25, ar-26	FLAGGED	A	Pilot Disorientation	A	Pilot Disorientation	FAA AIM 8-1 ("illusion of rotation or movement in an entirely different axis")	option C quotes the AIM exactly; A and C both correct	Abrupt head movement during a prolonged constant rate turns in 1MC or simulated inst. conditions can cause:
546	ar-6	ar-4	VERIFIED	B	So that no part of the A/c extends beyond hold line			Annex 2 3.2.2.7.2	"no part beyond the line" detail from FAA practice	When instructed by ATC to hold short of Runway pilot should stop:
547	ar-4	ar-7, ar-12	FLAGGED	A	1 hr for 2 Eng A/c and 2 hrs or more for 3 Eng or more than 3 Eng A/c	A	1 hr for 2 Eng A/c and 2 hrs or more for 3 Eng or more than 3 Eng A/c	Ops textbook: two-engine = 1 h at OEI cruise speed; three/four-engine = 2 h at all-engines cruise speed	A is right on numbers but the stem applies OEI speed to both	Take off Alternate Aerodrome shall be located from the Aerodrome of departure not more than a distance equal to the Flt of______ with one engine inoperative cruise speed.
548	ar-5	ar-5, ar-6, ar-8	BLOCKED	B	F 50			AIP ENR 1.7 read: lowest transition level not stated	stem lost "India"	Lowest Transition Level in is:
549	ar-9	ar-13	VERIFIED	D	F 490			Ops textbook (radiation equipment above 15 000 m / 49 000 ft)		Cosmic Radiations affect a pilot flying over a height above:
550	ar-9	ar-13	CORRECTED (proposed, not applied)	C	8 hrs as Supernumerary pilot	B	6 hrs as co-pilot	Aircraft Rules r.42A Explanation (co-pilot or supernumerary time counted at 80 %)	120 h PIC leaves 5 h; 6 h co-pilot = 4.8 h (allowed); 8 h supernumerary = 6.4 h (exceeds). Keyed C is wrong. Note: scheduled crew are also bound by CAR 7-J-III (100 h / 28 days)	A pilot has flown 120 hrs as p-i-c in last 29 consecutive days. He can fly _____ on 30th day:
551	ar-8	ar-19, ar-21	FLAGGED	D	cannot be prosecuted	D	cannot be prosecuted	no held source	"cannot be prosecuted" is legally absolute; flagged in the July triage too. Recommend DROP	While force landing an aircraft in a field due to engine failure, one person is killed on ground P-i-C can be prosecuted for
552	ar-2	ar-2, ar-14, ar-15	VERIFIED	C	Both a& b			Aircraft Rules r.3(30) (instrument time = instrument flight time or instrument ground time)		Instrument time includes:
553	ar-9	ar-13	FLAGGED	C	From the time you report for the duty till 15 minutes after switch off.			CAR Sec 7 J Pt III def. FDP (report to engines off at end of last flight)	keyed C (15 min after switch-off) is not the current definition; no option correct	Flight Duty time is calculated based on:
554	ar-9	ar-13	VERIFIED	C	65 yrs			Aircraft Rules r.28A (65 years)		Maximum age up to which a pilot can fly for remuneration is:
555	ar-6	ar-4	VERIFIED	A	Special VFR flts & IFR flts			Doc 4444 7.14.1.2 (separation between IFR and special VFR)		Separation is affected between:
556	ar-8	ar-19, ar-21	VERIFIED	A	Control Tower			Doc 4444 7.1.2.1 (aerodrome control towers alert the rescue and fire fighting services)		In case of an accident in the vicinity of aerodrome, rescue & fire services are alerted by:
557	ar-9	ar-13	VERIFIED	B	An aircraft with critical shortage of fuel			CAR Sec 8 Series O Pt III 2.2.4.7.3 (MAYDAY MAYDAY MAYDAY FUEL = fuel emergency, which gets priority)		The following aircraft will be given priority to land:
558	ar-7	ar-9, ar-11	VERIFIED	D	Irrespective of the visibility during day & night when associated runway is being used			Doc 4444 7.15.3.2		PAPI lights are operated
559	ar-8	ar-19, ar-21	VERIFIED	D	Annex 17			Annex 17 = Security		ICAO document dealing with Acts of Unlawful Interference is
560	ar-7	ar-9, ar-11	VERIFIED	B	AIP			AIP India GEN 1.7		Significant differences between national regulations and ICAO procedures are published in
561	ar-7	ar-9, ar-11	VERIFIED	C	left			Annex 2 3.2.5 c) (turns to the left unless instructed)		All aircraft after take off are to turn __________ for a circuit pattern
562	ar-5	ar-5, ar-6, ar-8	VERIFIED	A	The local QNH			AIP India ENR 1.7 §3		During an initial climb in uncontrolled airspace, the altimeter setting should be:
563	ar-9	ar-13	VERIFIED	B	At transonic speed			AIP India ENR 1.2 4.2		A VFR flt cannot be operated:
564	ar-7	ar-9, ar-11	VERIFIED	A	10 kms			Aircraft Rules r.91 ("within a radius of ten kilometers from the aerodrome reference point")		Slaughtering of animals is not permitted with in _______ of ARP
565	ar-4	ar-7, ar-12	VERIFIED	B	DH			Doc 8168 def. DA/H		In a precision approach, minimum height below which p-i-c cannot descend unless visual reference to land is established
566	ar-4	ar-7, ar-12	VERIFIED	D	MDH			Doc 8168 def. MDA/H (question asks height)		In a non-precision approach, min height below which p-i-c may not descend is:
567	ar-4	ar-7, ar-12	VERIFIED	C	Both a & b			as #154		OCA is calculated for
568	ar-3	ar-3	CORRECTED (proposed, not applied)	B	At an arc of 110º to the port side	A	At an arc of 110º to the starboard side	CAR Sec 9 Series C Pt I App 6 (green light through angle of coverage R, 110 deg to the right)	keyed B (port side) is wrong; #625 keys it correctly	Green Light on an aircraft is visible if seen from the front
569	ar-4	ar-7, ar-12	VERIFIED	B	3.0 º			Annex 10 Vol I 3.1.5.1.2 "The ILS glide path angle should be 3 degrees"		ILS glide slope angle normally is set at :
570	ar-4	ar-7, ar-12	VERIFIED	A	Cat I runway			CAR Sec 4 Series B Pt I def. Precision approach runway Cat I (DH not lower than 60 m, visibility 800 m or RVR 550 m)		An instrument runway served by ILS & visual aids intended for operations with a DH not lower than 60m and RVR not less than 550m is a
571	ar-4	ar-7, ar-12	VERIFIED	A	Is highest sector safety altitude with in 25NMs			PANS-OPS (Air Law textbook ch.7-8 / Captain PANS-OPS notes): MSA provides 300 m clearance within 46 km (25 NM)		Airfield safety altitude:
572	ar-1	ar-1	VERIFIED	A	Lamberts			Jeppesen "Chart Clinic" (AOPA series): "Jeppesen uses the Lambert Conformal Conic projection for the enroute charts"		Enroute Jeppensen charts are based on ________________ projection
573	ar-4	ar-7, ar-12	VERIFIED	B	To fly to alternate +30mts at 1500’ make an approach and land			CAR Sec 8 Series O Pt III 3.4.3.5 e) 2) (turbine final reserve: 30 min holding at 1500 ft)		Fuel to be carried by a Turbo-jet aircraft when destination alternate is required is to fly to destination aerodrome execute an approach and MA and thereafter:
574	ar-2	ar-2, ar-14, ar-15	FLAGGED	D	six months & two years			Aircraft Rules r.39C as amended by G.S.R. 733(E) 2023	ATPL licence now 10 years, medical 12 months (<40) / 6 months (40+); no option is current - outdated, recommend rewrite	ATPL medical fitness and license validity period is
575	ar-9	ar-13	VERIFIED	B	Two cabin crew plus one cabin crew for each unit of 50 passengers units above 99 passengers			Aircraft Rules r.38B(1)(iii)		Cabin crew requirement for an airplane with seating capacity of more than 50 passengers is :
576	ar-5	ar-5, ar-6, ar-8	VERIFIED	B	is decreased			Doc 4444 5.3.2 (RVSM halves 2000 ft to 1000 ft)		Vertical separation in RVSM airspace
577	ar-7	ar-9, ar-11	FLAGGED	B	slightly high	B	slightly high	PAPI: 3 white + 1 red = slightly high	stem says "white and green" - PAPI has no green; malformed	On PAPI approach, if a pilot sees 3 lights white and green, the aircraft is
578	ar-4	ar-7, ar-12	FLAGGED	D	both	D	both	Doc 8168 (MDA/H for non-precision and circling)	option B text is truncated ("non-precision approach &") - parser damage	MDA is calculated for:
579	ar-4	ar-7, ar-12	VERIFIED	D	Extended-range Twin-engine Operations			CAR Sec 8 Series S Pt I 1.1 (ETOPS - now EDTO)		ETOPS stands for
580	ar-9	ar-13	VERIFIED	B	Military aircraft			Chicago Convention Art. 3 (military services = state aircraft) - Captain Ch.1 notes		An Air India aircraft is on an dry lease to I.F.A for military use. It will be known as a:
581	ar-2	ar-2, ar-14, ar-15	FLAGGED	D	Till it is destroyed in an accident			CAR Sec 2 Series F Pt I 7.3 (CoR valid from registration "till the date indicated on the Certificate of Registration")	registration now has a stated validity date; "till destroyed" is outdated	Registration of an aircraft is valid for:
582	ar-4	ar-7, ar-12	VERIFIED	D	Information and instruction to save operations			Aircraft Rules r.3(21A) Flight Manual def.		Flight manual contains:
583	ar-9	ar-13	FLAGGED	A	The operator to pilots by a circular			Aircraft Rules r.140B(2)(b) (succession of command designated in the Operations Manual)	no option says Operations Manual; keyed A (circular) not supported. See #719	Succession of command is given by:
584	ar-1	ar-1	VERIFIED	C	All aircraft			Aircraft Rules r.7B		Emergency check list is to be carried by:
585	ar-9	ar-13	VERIFIED	C	Cannot carried			Aircraft Rules r.6C (no person other than operating crew unless authorised by DG)		A pilot doing a test flight can carried by:
586	ar-2	ar-2, ar-14, ar-15	VERIFIED	C	15 days			Aircraft Rules r.42 (sickness or injury, incapacity of fifteen days or more)		If a CPL holder is hospitalized for ___________ day his medical becomes invalid:
587	ar-10	ar-22, ar-25, ar-26	VERIFIED	D	Emotional tension or anxiety			FAA AIM 8-1		Hyperventilation is caused due to:
588	ar-4	ar-7, ar-12	VERIFIED	D	All of the above			Doc 8168 OCA/H		OCA is Associated with:
589	ar-1	ar-1	FLAGGED	B	All flts other than local flts	B	All flts other than local flts	AIP India ENR 1.10	conflicts with #542/#378 (flight plan for all flights); local flying-club flights may file by phone/fax, not exempt	Flt plan is to be filed in in respect of:
590	ar-1	ar-1	CORRECTED (proposed, not applied)	C	0550 h	A	0530 h	CAR Sec 9 Series C Pt I 4.3 (VFR from 20 minutes before sunrise)	0550 - 20 = 0530 = option A. Keyed C (0550) is the old rule	Sun rise at Kalikut aerodrome is at 0550h. A VFR flight can take off from there at the earliest at:
591	ar-10	ar-22, ar-25, ar-26	VERIFIED	B	Carbon Dioxide			FAA AIM 8-1 (blows off carbon dioxide)		Hyper ventilation is caused due to lack of ___________ in blood system
592	ar-4	ar-7, ar-12	CONSISTENT (not document-checked)	B	Higher than			as #448		OCA circling approach is __________ the OCA precision approach:
593	ar-4	ar-7, ar-12	VERIFIED	B	DGCA			CAR Sec 8 Series C Pt I 4.2 (minima not lower than those specified by DGCA in the CAR)		If an aerodrome minima is not established for IFR/VFR operations the minima to be applied will be laid down by:
594	ar-5	ar-5, ar-6, ar-8	VERIFIED	B	QNE			AIP India ENR 1.7 §4.1		Enroute flt levels are on:
595	ar-12	ar-16, ar-17, ar-20	FLAGGED	B	Constant airspeed	B	Constant airspeed	as #535	option A (constant attitude) is arguably the right answer	To overcome severe turbulence pilot should maintain
596	ar-3	ar-3	VERIFIED	D	5 NMs from ARP upto 3000’ agl			AIP India ENR 1.10 Note (5 NM radius ARP, up to 3000 ft AGL)		At Aerodromes where no ATZ is established, the vicinity of aerodrome for VFR flts shall be:
597	ar-7	ar-9, ar-11	VERIFIED	C	AIP			AIP India GEN 1.7		Deviations from ICAO procedures are published in
598	ar-8	ar-19, ar-21	VERIFIED	B	Earliest one hr of the recording			as #538		To get valid result, FDR data can be erased for testing purpose upto
599	ar-6	ar-4	VERIFIED	B	Lateral			Doc 4444 5.4.1 (lateral separation)		Track separation is also known as separation
600	ar-10	ar-22, ar-25, ar-26	VERIFIED	B	Disorientation			FAA AIM 8-1		Abrupt head movements in IMC operations may cause:
601	ar-2	ar-2, ar-14, ar-15	VERIFIED	C	If demanded by C of A			Aircraft Rules r.38A(7) (minimum crew as specified in the C of A)		Flt. Engg. Is carried on board:
602	ar-7	ar-9, ar-11	VERIFIED	C	Chosing routes as listed in AIP			AIP India ENR 1.12 (follow established ATS routes)		Flt plan is prepared by
603	ar-1	ar-1	VERIFIED	B	200’			as #341		For safety reasons, a person should remain away from a jet engine by at least:
604	ar-9	ar-13	VERIFIED	C	All flightr in ADIZs			AIP India ENR 5.2.2		ADC is required for
605	ar-6	ar-4	VERIFIED	B	2000’			Doc 4444 5.3.2 (2000 ft above FL290 outside RVSM)		Vertical separation in CVSM airspaces above FL 290 is:
606	ar-8	ar-19, ar-21	VERIFIED	A	Notifiable Accident			Aircraft (Investigation of Accidents and Incidents) Rules 2025 r.2 accident def. (direct exposure to jet blast)		A worker working close to the runway is thrown off and seriously injured by a jet blast from a departing aircraft it is an
607	ar-3	ar-3	VERIFIED	B	8 kms			AIP India ENR 1.2 §1 (8 km at/above 10000 ft)		Minimum visibility required to fly at 12000’ for a VFR flt is
608	ar-6	ar-4	VERIFIED	D	E			AIP India ENR 1.4 Class E		ATC services are provided to IFR flts and traffic information to VFR flts as far as practical provided in class airspace:
609	ar-3	ar-3	VERIFIED	C	125, 145, 165, 185			Annex 2 App 3		Cruising level available on a magnetic track of 300 degrees are
610	ar-7	ar-9, ar-11	FLAGGED	A	White			as #128	outdated	Route designator for domestic routes is:
611	ar-4	ar-7, ar-12	VERIFIED	C	Keep away from danger area			Annex 2 App 1 1.4	option wording narrower than the rule (restricted/prohibited/danger) but only C matches	Series of red and green projection fired at an interval of 10 sees means:
612	ar-5	ar-5, ar-6, ar-8	VERIFIED	C	2000’			as #444		Vertical separation applicable to non-RVSM aircraft operating in RVSM airspaces is
613	ar-6	ar-4	VERIFIED	B	runway in use			Annex 2 App 1 4.2.5.2		Two digits in black over yellow black ground hanging from the tower indicates
614	ar-7	ar-9, ar-11	FLAGGED	A	Geometric centre of an aerodrome	A	Geometric centre of an aerodrome	CAR Sec 4 Series B Pt I 2.2.2 (ARP located near the initial or planned geometric centre)	A matches the location rule; C (designated point) is the definition - both defensible	ARP is at the:
615	ar-6	ar-4	VERIFIED	C	First report after 30 mins and subsequent reports after 60 mins			Doc 4444 4.11.1.2		Position reports to be given by an aircraft, if no route is being followed will be at an interval of:
616	ar-10	ar-22, ar-25, ar-26	CORRECTED (proposed, not applied)	B	700 hPa	A	620 hPa	as #455		Oxygen is carried on board for all crew members and passengers when at atmospheric pressure will be less than:
617	ar-4	ar-7, ar-12	FLAGGED	D	100’ & upto 350m	D	100’ & upto 350m	as #482		In Cat II, What is DH & RVR?
618	ar-2	ar-2, ar-14, ar-15	VERIFIED	B	5 years			as #97		Personnel are required to maintain their log books for a period of --- years after the date of last entry:
619	ar-7	ar-9, ar-11	VERIFIED	C	Area including runways / taxiways / aprons			Annex 2 def. Movement area		Movement area of an aerodrome constitutes the following
620	ar-1	ar-1	VERIFIED	A	125 hours			Aircraft Rules r.42A (125 h / 30 days)		PIC of an aeroplane can fly for a maximum number of hours in a period of consecutive 30 Days:
621	ar-2	ar-2, ar-14, ar-15	FLAGGED	C	6 months and 2 years			as #574	outdated	Validity of ATPL medical and licence is
622	ar-9	ar-13	VERIFIED	B	2			Aircraft Rules r.38B: 83 seats = 2		Cabin crew required for a passenger plane with 83 seating capacity is
623	ar-8	ar-19, ar-21	VERIFIED	C	. annex 17			Annex 17		ICAO annex dealing with Acts of unlawful interference is
624	ar-9	ar-13	VERIFIED	D	49000 ft			Ops textbook (above 49 000 ft)		Personnel flying above altitude of ___ feet are required to maintain a separate log to calculate hours of exposure to radiation:
625	ar-3	ar-3	VERIFIED	B	Green on starboard, red on port 110 deg each			14 CFR 25.1385/1387		Navigation lights of an aeroplane cover the following sectors
626	ar-9	ar-13	VERIFIED	B	ETOPS			CAR Sec 8 Series S Pt I (ETOPS evolved to EDTO; twin-engine extended operations)		Twin engine operations are governed by:
627	ar-6	ar-4	VERIFIED	D	Both a and c above			Annex 2 def. Control area		Control area is
628	ar-9	ar-13	VERIFIED	A	15 mtrs			as #215		When refueling operations are in progress, unauthorized persons are prohibited within
629	ar-13	ar-18	VERIFIED	C	Aerodrome unsafe, do not land			Annex 2 App 1 3.1		Series of red flashes directed towards an aircraft in flight indicate
630	ar-10	ar-22, ar-25, ar-26	VERIFIED	B	as in ‘a’ and during the flight			Aircraft Rules r.24 via CAR Sec 5 F Pt III 1.3 (12 h before and during the flight)		The crew of an aircraft should not consume alcoholic drink
631	ar-8	ar-19, ar-21	FLAGGED	D	incident 48 hrs, accident 24 hours			Aircraft (Investigation of Accidents and Incidents) Rules 2025 r.4(1)	both accident and incident are now 24 h; no option says so - rewrite	An aircraft incident and accident is to be reported within
632	ar-6	ar-4	VERIFIED	B	20 nm over land and 20 nm over sea			CAR Sec 9 Series R Pt I 1.2 (route width of 20 nautical miles)		Width of an airway is
633	ar-3	ar-3	VERIFIED	D	all above are correct			Annex 2 App 1 §1.? (10-second red/green projectiles: restricted, prohibited or danger area)		A series of red and green pyrotechnics fired towards and aircraft indicate
634	ar-3	ar-3	VERIFIED	C	As ‘b’ and land at aerodrome outside the prohibited area			Aircraft Rules r.12(2): give distress signal, land ASAP outside the prohibited area at a nearest aerodrome		As a PIC you find yourself over a prohibited area, you will
635	ar-13	ar-18	VERIFIED	A	urgency			Annex 2 App 1 2.1 a) (repeated switching of landing lights = urgency)		The repeated switching on and off of the landing lights indicate
636	ar-10	ar-22, ar-25, ar-26	VERIFIED	C	Carry oxygen for all crew members and passengers, in the event of loss of pressurization, pressure in the compartment would be less than 700 mb			CAR Sec 8 Series O Pt II 4.3.9.2		A pressurized flight shall
637	ar-7	ar-9, ar-11	VERIFIED	C	AIC			AIP India GEN 3.1 (AIC: purely explanatory or advisory)		General information of purely explanatory or advisory nature are promulgated through
638	ar-13	ar-18	BLOCKED	A	6 months			flight-plan retention period not found		A flight plan shall be preserved by the operator for a period of
639	ar-13	ar-18	VERIFIED	D	all above			Doc 4444 scope		Doc 4444 relates to
640	ar-6	ar-4	VERIFIED	D	10 minutes			as #544		An aircraft transiting from one FIR to next FIR shall request transfer to ATC at least
641	ar-5	ar-5, ar-6, ar-8	VERIFIED	B	ascending flight level, descending altitude			AIP India ENR 1.7 §2.1.2 (ascending FL, descending altitude)		While ascending through the transition level and descending through, height of the aircraft shall be reported
642	ar-4	ar-7, ar-12	VERIFIED	D	All above			CAR Sec 8 Series C Pt I 1 (take-off in RVR/visibility and cloud if necessary; landing in visibility/RVR and DA/H or MDA/H)		The operating minima for an aerodrome are expressed in terms of
643	ar-13	ar-18	VERIFIED	A	AIP			AIP India GEN 1.2 / GEN 1.3 (entry, transit and departure requirements)		Corrections to charts relating to entry/exit requirements are given in
644	ar-1	ar-1	VERIFIED	B	Lamberts conical conformal			as #572		Jeppessen charts use widely
645	ar-3	ar-3	FLAGGED	D	All above is correct	D	All above is correct	Annex 2 2.3.1; Aircraft Rules r.22/23 (PIC maintains good order and discipline)	D defensible; option A is a subset, so "all above" is the intended key	PIC of an aeroplane shall
646	ar-5	ar-5, ar-6, ar-8	VERIFIED	C	MSA			PANS-OPS (Air Law textbook ch.7-8 / Captain PANS-OPS notes) (MSA within 46 km / 25 NM)		The minimum safest altitude that the aircraft can descend below the transition altitude within 25 NMs of an aerodrome area is given by
647	ar-4	ar-7, ar-12	VERIFIED	D	MDH			as #566		In a non precision approach, the minimum height that the pilot can descend to is given by
648	ar-4	ar-7, ar-12	VERIFIED	C	DA			Doc 8168 def. DA/H		Pilot in command of an aircraft on precision approach cannot execute a landing unless he has the runway visual references in contact before he can descend below
649	ar-2	ar-2, ar-14, ar-15	FLAGGED	D	He has made 3 take offs and landings on the aerodromes along the route within the last 3 months	D	He has made 3 take offs and landings on the aerodromes along the route within the last 3 months	CAR Sec 8 Series O Pt II 9.4.1.1 (3 take-offs and landings within the preceding 90 days, on type)	D is closest, but the rule is recency on type, not "aerodromes along the route"	An operator can designate as a PIC of an aeroplane only if
650	ar-1	ar-1	FLAGGED	D	He has flown as a copilot of an aeroplane along the route for minimum of last 12 months	D	He has flown as a copilot of an aeroplane along the route for minimum of last 12 months	CAR Sec 8 Series O Pt II 9.4.3	the rule is one trip in 12 months, not "flown as co-pilot for 12 months"	An operator can designate as a PIC of an aeroplane if
651	ar-12	ar-16, ar-17, ar-20	DROPPED (recommended)	A	fuel for take off taxi holding and landing, plus 30 minutes of reserve			malformed	options C and D are one answer split by extraction	A turbojet aircraft is required to carry minimum amount of fuel as
652	ar-6	ar-4	VERIFIED	A	15min			Doc 4444 5.4.2.2.1.2 a)		A/c on same level converging track has separation
653	ar-4	ar-7, ar-12	VERIFIED	B	Does not qualify as a NOTAM or an inclusion in AIP, but relates to flight safety, air navigation, administrative or legislative matters.			Annex 15 def. AIC (AIP India GEN 3.1)		Aeronautical information circulars provide information that:
654	ar-8	ar-19, ar-21	FLAGGED	C	The oldest accumulated data at the time of testing should be erased.	B	The oldest recorded data at the time of testing may be erased	14 CFR 121.343(h)	the rule says oldest data MAY be erased; keyed C says it SHOULD be - B is the correct wording	To acquire a valid a test for flight data recorder, at least 1hr of the data should be deleted
655	ar-9	ar-13	VERIFIED	A	49,000ft			as #624		An operator must maintain medical records of flight crew for radiation exposure above
656	ar-10	ar-22, ar-25, ar-26	VERIFIED	B	12hrs			as #75		What is the time limit that a pilot should not fly when under the influence of alcohol?
657	ar-8	ar-19, ar-21	VERIFIED	B	safeguarding acts of unlawful interference			Annex 17		Annex 17 contains what information
658	ar-6	ar-4	VERIFIED	B	5km			AIP India ENR 1.2 §1 (at/below 3000 ft, class G: 5 km)		What should be the flight visibility of an a/c flying at 3000’ in class G airspace
659	ar-5	ar-5, ar-6, ar-8	VERIFIED	A	7700			Annex 2 App 2 / SSR code 7700		Transponder code for distress is:
660	ar-6	ar-4	VERIFIED	A	IFR only			AIP India ENR 1.4 Class A		What type of flight is allowed in class A airspace
661	ar-9	ar-13	VERIFIED	C	4			Aircraft Rules r.38B: 150 seats = 2 + ceil(51/50) = 4		An a/c with seating capacity of 150, what is the number of flight attendants required to be
662	ar-6	ar-4	VERIFIED	A	Immediately after take off.			Doc 4444 4.3.2.1.3 b) 1) (IMC: immediately after airborne)		In IMC aircraft changes from aerodrome control tower to approach control
663	ar-7	ar-9, ar-11	VERIFIED	D	3 white and 1 red			CAR Sec 4 Series B Pt I 5.3.5 (PAPI above slope: unit nearest runway red, three white)		What lights would a pilot slightly above glide slope see on a PAPI.
664	ar-3	ar-3	VERIFIED	A	Over prohibited area, restricted area or danger area.			Annex 2 App 1		Red and green flashes fired at an interval of 10 sacs indicate.
665	ar-1	ar-1	FLAGGED	C	While dashes lie towards nearest runway.			FAA AIM 2-3 (holding position markings are yellow)	options say "white" (and "While" - typo); malformed	At runway and taxiway holding lines:
666	ar-7	ar-9, ar-11	VERIFIED	C	White paired variable lights with 30 mtr longitudinal spacing			CAR Sec 4 Series B Pt I 5.3.13 (TDZ lights variable white barrettes; 30 m spacing advised)		Identifier TDZL is _________:
667	ar-9	ar-13	FLAGGED	A	30 min	A	30 min	as #674		You have diverted your flt to field alternate. In what time you have to intimate to your original destination:
668	ar-6	ar-4	VERIFIED	D	first report after 30 mins and subsequent after 60 mins			Doc 4444 4.11.1.2		Position report should be given in…
669	ar-10	ar-22, ar-25, ar-26	VERIFIED	A	Spatial disorientation			FAA AIM 8-1		Abrupt head movement in a step turn may causes…
670	ar-10	ar-22, ar-25, ar-26	CONSISTENT (not document-checked)	C	Rising and falling			as #134		Centrifugal force without visual aids can be interpreted by a pilot as:
671	ar-1	ar-1	VERIFIED	A	Black letter in yellow background			Air Law textbook 20.44 (inscription in black on yellow)		Destination and information sings are.
672	ar-3	ar-3	VERIFIED	C	Dim white light			FAA AIM 8-1-6 (red light severely distorts colours on charts; white cockpit lighting needed for map reading)		Cockpit lights are
673	ar-10	ar-22, ar-25, ar-26	VERIFIED	C	Insufficient CO2			FAA AIM 8-1		Hyperventilation is:
674	ar-6	ar-4	FLAGGED	C	30 min	C	30 min	CAR Sec 9 Series C Pt I 3.3.5 (arrival report as soon as practicable); CAR Sec 9 Series E Pt I 5.2.1 a) (uncertainty phase at 30 min)	no rule sets "inform ATC if delayed 30 min"; 30 min is the SAR trigger	On x-country flt you divert to another aerodrome, you have to inform ATC if delayed by:
675	ar-1	ar-1	VERIFIED	A	A/c flying away from you			14 CFR 25.1385/1387 (white tail light seen = aircraft moving away)		If you see a white and flashing red light, ac is
676	ar-3	ar-3	VERIFIED	C	Green light			as #299		A/c passing from left to right you will see
677	ar-9	ar-13	VERIFIED	B	49,000’			as #624		Record to be maintained for months for radiation if flying above…
678	ar-1	ar-1	VERIFIED	B	0427			Doc 4444 5.4.2.2.1.2 a)		One a/c is tracking 030 degree reporting over a point at 0412 hrs other on 100 degree cannot pass this point before:
679	ar-8	ar-19, ar-21	VERIFIED	A	Investigation for accidents and incidents			as #121		FDR and CVR are used for
680	ar-9	ar-13	VERIFIED	C	5 nm and below 1000’ AGL			AIP India ENR 5.2.2		ADC is not required if flying in
681	ar-3	ar-3	VERIFIED	B	6000’			as #118		Aerobatics with in 2 nm of airport can not be done below…
682	ar-8	ar-19, ar-21	VERIFIED	C	17			Annex 17		Unlawful interference is given in annexure:
683	ar-1	ar-1	VERIFIED	B	6			Annex 6		Aircraft operation are given in annexure:
684	ar-7	ar-9, ar-11	VERIFIED	B	AIP			AIP AD 2		SIDs are available in:
685	ar-9	ar-13	VERIFIED	C	8 days			as #182		Incubation period for relapsing fever is:
686	ar-3	ar-3	VERIFIED	A	5 km			AIP India ENR 1.2 §1		Visibility required for VFR flight below 3000’ or 1000’ terrain clearance is
687	ar-3	ar-3	VERIFIED	C	Aircraft on the left will give way			Annex 2 3.2.2.3		Two a/c of same category converging…
688	ar-1	ar-1	FLAGGED	D	0550 hrs			CAR Sec 9 Series C Pt I 4.3	correct time 0530 is not among the options - rewrite	time is 0550 hrs VFR flt can take off at
689	ar-10	ar-22, ar-25, ar-26	VERIFIED	B	Farther then normal			FAA AIM 8-1 (haze/fog: greater distance)		Due to fog other a/c will appear to be
690	ar-8	ar-19, ar-21	VERIFIED	A	Not more then one hour accumulated for testing purpose.			as #538		Data can be removed from FDR.
691	ar-9	ar-13	VERIFIED	A	Immediately after take off			Doc 4444 4.3.2.1.3 b) 1)		In IMC a/c on aerodrome control to approach control will be transferred:
692	ar-9	ar-13	VERIFIED	C	6			CAR Sec 4 Series B Pt I 5.2.4.5 (23 m = 6)		No of runway threshold stripes for a runway width of 23 meters is
693	ar-7	ar-9, ar-11	VERIFIED	C	4			as #85 (1500 m falls in the 1500-2399 band: 4 pairs)		Pair of landing stripes for a runway LDA of 1500 meters is:
694	ar-4	ar-7, ar-12	VERIFIED	C	Above minima			CAR Sec 8 Series C Pt I 4.6.5 (touchdown RVR controlling; mid-point minimum 125 m)	800 m TDZ and 300 m mid-point both satisfy the filed 500 m	Filed minima 500m, RVR beginning 800m, RVR mid 300m.Aerodrome is:
695	ar-2	ar-2, ar-14, ar-15	VERIFIED	A	COA			Aircraft Rules r.3(21A)		Flight manual is a manual associated with
696	ar-9	ar-13	VERIFIED	C	No of seats			Aircraft Rules r.38B (seating capacity)		No of cabin crew is required according to
697	ar-6	ar-4	VERIFIED	D	Lateral			Doc 4444 5.4.1		Track separation is:
698	ar-6	ar-4	VERIFIED	D	Lateral			Doc 4444 5.4.1 (lateral: geographical separation)		Geographical separation is:
699	ar-8	ar-19, ar-21	VERIFIED	C	Apprehension exists as to the safety of the ship and its occupants.			Doc 4444 def. Alert phase	option says "ship" - typo	Alert phase is:
700	ar-1	ar-1	VERIFIED	B	90 degrees to the route			Doc 4444 9.1.4.2.2.2		Appropriate way to cross a route.
701	ar-3	ar-3	VERIFIED	A	2 NM from the nearest point of the perimeter of the aerodrome.			as #118		Acrobatic flights can not be performed below 6000’ with in:
702	ar-6	ar-4	VERIFIED	D	From 000º 179º and 180º to 359º			Annex 2 App 3		Semi-circular system sectors are.
703	ar-6	ar-4	VERIFIED	A	With in 5 NM of ARP up to 3000 feet.			AIP India ENR 1.10 Note		Aerodrome local flying area is to be considered, if ATZ is not notified:
704	ar-3	ar-3	VERIFIED	C	1000’			AIP India ENR 1.2 §1		Minimum vertical distance from clouds for a VFR flt is:
705	ar-1	ar-1	VERIFIED	C	Annex 6			Annex 6		ICAO annex for ac operations is:
706	ar-8	ar-19, ar-21	VERIFIED	D	Annex 17			Annex 17		ICAO Annex for safeguarding against unlawful interference is:
707	ar-7	ar-9, ar-11	VERIFIED	B	Aircraft are required to land and take off on runways only, but other manoeuvres need not be confined to runways and taxiways.			Annex 2 App 1 4.2.3.2		White dumbbell with black horizontal bars indicates:
708	ar-13	ar-18	VERIFIED	B	Special precautions must be observed in approaching to land or in landing.			Annex 2 App 1 4.2.2	stem damaged	with one yellow diagonal.
709	ar-1	ar-1	VERIFIED	D	200 feet			as #341		Minimum distance from jet blast:
710	ar-1	ar-1	FLAGGED	C	0520	C	0520	Aircraft Rules Sch. II para 4 (night ends half an hour before sunrise)	matches #752; AIP VFR rule would give 0530. Bank uses both 20 and 30 minutes	time 0550 there is no night flying facilities, earliest departure can be at:
711	ar-6	ar-4	VERIFIED	A	First half hour then every hour			Doc 4444 4.11.1.2		Reporting time on routes not defined by reporting points is :
712	ar-13	ar-18	FLAGGED	A	For all flights except local flights.	A	For all flights except local flights.	AIP India ENR 1.10	conflicts with #542/#378 (all flights); local flying-club flights file by phone/fax	Flight plan is required
713	ar-7	ar-9, ar-11	VERIFIED	D	AIP			AIP India GEN 1.7		Deviation from standards is given in
714	ar-9	ar-13	FLAGGED	B	AIC	B	AIC	AIP India GEN 3.1	amendments to the Rules are made by Gazette notification; the AIC only gives advance notice	Amendment to aircraft rules 1937 is given in:
715	ar-7	ar-9, ar-11	VERIFIED	C	AIP			AIP (AD 2)		Current watch hours of the station is given in
716	ar-4	ar-7, ar-12	FLAGGED	B	Decision height lower than 60 m (200 ft), but not lower than 30 m (100ft), and a runway visual range not less than 350 m.	B	Decision height lower than 60 m (200 ft), but not lower than 30 m (100ft), and a runway visual range not less than 350 m.	as #482		Cat II ILS approach
717	ar-10	ar-22, ar-25, ar-26	VERIFIED	A	Pilot disorientation			FAA AIM 8-1		Abrupt head movement during instrument flying causes
718	ar-10	ar-22, ar-25, ar-26	FLAGGED	A	All passengers and crew	A	All passengers and crew	CAR Sec 8 Series O Pt II 4.3.9.1-2	A is right only for pressurised aeroplanes; unpressurised between 700-620 hPa is crew + 10 % pax. Stem ambiguous	Oxygen supply is required for cabin pressure below 700 hPa:
719	ar-9	ar-13	VERIFIED	A	In Operation manual			Aircraft Rules r.140B(2)(b)		Succession of command is given:
720	ar-2	ar-2, ar-14, ar-15	VERIFIED	A	DGCA			Aircraft Rules Sch. II para 8 (renewal/revalidation applications to DGCA)		Pilot’s license can be revived by:
721	ar-4	ar-7, ar-12	VERIFIED	C	Flying a/c with sole reference to instruments			Aircraft Rules r.3(31) "Instrument flight time"		Instrument flying time means:
722	ar-5	ar-5, ar-6, ar-8	FLAGGED	A	Fly on 1013.2	A	Fly on 1013.2	AIP India ENR 1.7 §4.1 (VFR above 3000 ft from ground use the cruising-level table, i.e. flight levels)	the AIP rule is about VFR cruising levels, not "outside controlled airspace"; closest answer A	Outside controlled airspace above 3000’AMSL
723	ar-2	ar-2, ar-14, ar-15	CORRECTED (proposed, not applied)	C	6 months	B	1 yr	Aircraft Rules r.39C(5) (ATPL medical 12 months until age 40)	28-year-old ATPL holder: 12 months. Keyed C (6 months) is wrong	ATPL who is 28 years old, medical is valid for
724	ar-12	ar-16, ar-17, ar-20	FLAGGED	D	Maintain airspeed	D	Maintain airspeed	as #535		To counter turbulence:
725	ar-7	ar-9, ar-11	VERIFIED	A	By choosing routes from AIP			AIP India ENR 1.12		Flight plan is made:
726	ar-6	ar-4	VERIFIED	B	Fly according to flight plan			Annex 2 Ch.5 (IFR flight continues under IFR irrespective of met)		IFR flight in VMC, weather changes to IMC:
727	ar-8	ar-19, ar-21	VERIFIED	A	Accident			Aircraft (Investigation of Accidents and Incidents) Rules 2025 r.2 accident def. (direct contact with any part of the aircraft)		Person is killed on runway while landing after being hit by the wing of an aircraft. It is an:
728	ar-2	ar-2, ar-14, ar-15	FLAGGED	B	A/c is destroyed in an accident.			as #581		Certificate of registration is valid till
729	ar-1	ar-1	VERIFIED	A	All a/c			Aircraft Rules r.7B		Emergency and cockpit check list is to be carried by
730	ar-4	ar-7, ar-12	VERIFIED	B	15 degree			PANS-OPS (Air Law textbook ch.7-8 / Captain PANS-OPS notes): straight departure within 15°		Straight out departure is:
731	ar-13	ar-18	CORRECTED (proposed, not applied)	B	Air temp, icing, spot wind	C	Operational information	Doc 4444 4.12.2 (Section 2 = Operational information)	keyed B (met items) is Section 3	Air report II section contains
732	ar-2	ar-2, ar-14, ar-15	VERIFIED	A	If required by COA			as #601		Flight engineer is to be carried if:
733	ar-9	ar-13	VERIFIED	A	1			as #524		Can fly PIC if he has flown that route without carrying passengers at least ___ times in last 12 months:
734	ar-6	ar-4	VERIFIED	C	0225			Doc 4444 5.4.2.2.3	same geometry as #24	A/c A at F390 reports at a point at 0210 wants to descend to F330, a/c B at F 360 estimates to reach the same reporting point at 0300. Before what time the first a/c should reach F330?
735	ar-9	ar-13	VERIFIED	C	DGCA authorized personnel			Aircraft Rules r.156 (inspection of any aircraft)		An a/c can be inspected by
736	ar-9	ar-13	VERIFIED	A	FL 490			as #624		An operator must keep a record of his flight crew when flown above ______ for at least 12 months of the flight for cosmic radiation effects:
737	ar-7	ar-9, ar-11	VERIFIED	C	Beyond touchdown point			CAR Sec 4 Series B Pt I 5.3.5 (further above: all white) - aircraft high, lands long		An aircraft continues his approach on PAPI with all lights indicating white. He will touchdown.
738	ar-9	ar-13	FLAGGED	C	9 hrs 3 landing	C	9 hrs 3 landing	see #92		International flying time in one day for flight Crew is:
739	ar-2	ar-2, ar-14, ar-15	VERIFIED	D	All above are correct			CAR Sec 2 Series X Pt VII (documents: CoR, CofA, licences, journey log book, etc.)		VT-AXC owned by a private citizen is on a flight to from Chennai on sight seeing tour. The aircraft’s required to carry________ among other things.
740	ar-2	ar-2, ar-14, ar-15	FLAGGED	B	Till the aircraft is destroyed in an accident			as #581		A certificate of registration is valid from the date of registration to.
741	ar-5	ar-5, ar-6, ar-8	VERIFIED	C	QNH			AIP India ENR 1.7 §2.1.2 (altitude = QNH)		Altitude in transition layer is maintained by setting altimeter to.
742	ar-10	ar-22, ar-25, ar-26	VERIFIED	C	12 hours			as #75		No person acting as PIC or operating crew member shall have taken alcohol narcotics or stimulates during the preceding.
743	ar-1	ar-1	VERIFIED	D	First time just after half an hour after take off and thereafter every hour			Doc 4444 4.11.1.2		If aircraft has undertaken a flight on route not defined by designated significant points the pilot is required to report aircraft position.
744	ar-9	ar-13	VERIFIED	C	2 hours before arrival			as #111		Before arrival in a health report is to be sent.
745	ar-7	ar-9, ar-11	VERIFIED	C	Runways for landing & take off			Annex 2 App 1 4.2.3.2		A white dumbbell with a black bar placed perpendicular to the shaft indicates that you should use only.
746	ar-7	ar-9, ar-11	VERIFIED	A	Special precautions to be take when approaching to land.			Annex 2 App 1 4.2.2		A horizontal yellow diagonal on a red square panel indicates.
747	ar-13	ar-18	VERIFIED	A	Continue in VMC and land at nearest suitable aerodrome			Annex 2 3.6.5.2.1 (VMC: continue in VMC, land at nearest suitable aerodrome)		When radio contact is lost, an IFR flight in VMC should.
748	ar-3	ar-3	VERIFIED	A	1000 ft			AIP India ENR 1.2 §1		Minimum vertical distance from cloud for VFR flight within controlled space is.
749	ar-6	ar-4	FLAGGED	D	All above are correct	D	All above are correct	CAR Sec 9 Series C Pt I 3.6.2.2	option A (5 % TAS) and B (3 min ETA) are both outdated thresholds	IFR flight within controlled airspace shall immediately report any deviations from flight plan resulting in;
750	ar-3	ar-3	VERIFIED	A	0427			Doc 4444 5.4.2.2.1.2 a) (crossing tracks, same level: 15 min)	0412+15 = 0427	An aircraft ‘A’ on a track of 030M reported crossing point X at 0412 at FL370. another aircraft ‘B’ at FL 370 on a track of 100M can cross the same crossing point not earlier then;
751	ar-8	ar-19, ar-21	VERIFIED	C	Alert phase (ALERFA)			as #43		A situation wherein apprehension exists as to the safety of an aircraft and its occupants is;
752	ar-9	ar-13	VERIFIED	D	0520			Aircraft Rules Sch. II para 4 (night ends half an hour before sunrise)	0550-30 = 0520. Contradicts the bank's 20-minute keys	The aerodrome at is not declared suitable for night operations. If the sunrise is at 0550 the earliest time by which an aircraft operation at the station can take place is;
753	ar-9	ar-13	FLAGGED	A	Immediately before the aircraft enters the runway in use for take off.			Doc 4444 4.3.2.1.3 b) 1) (IMC: transfer immediately after the aircraft is airborne)	keyed A (before entering runway) is wrong; no option states the rule - recommend rewrite. Contradicts #662/#691	The responsibility for control of departing aircraft will be transferred from aerodrome control to approach control when IMC is prevailing;
754	ar-9	ar-13	FLAGGED	B	9 hrs & 3 landings	B	9 hrs & 3 landings	see #92		The flight crew consists of pilot and copilot on an international flight. The flight time should not exceed more than ___ number of landings restricted to _____.
755	ar-10	ar-22, ar-25, ar-26	VERIFIED	C	All crew members and passengers, when the atmospheric pressure in any compartment occupied by them is less then 700 mb			CAR Sec 8 Series O Pt II 4.3.9.2		A flight to be operated with a pressurized aeroplane will not be commenced unless a sufficient quantity of stored breathing oxygen is carried to supply;
756	ar-9	ar-13	VERIFIED	B	49,000 ft			as #624		For each flight of an aeroplane above ______ the operator shall maintain records, so that the total cosmic radiation received by each crew member, over a period of 12 consecutive months can be determined:
757	ar-6	ar-4	VERIFIED	C	10 minutes before entry			as #544		All aircraft transiting from one FIR to another FIR should inform ATS units responsible for providing FIS at least:
758	ar-4	ar-7, ar-12	FLAGGED	A	One hour for a two engine aero plane and 2 hour for 3 or more engines aero plane.	A	One hour for a two engine aero plane and 2 hour for 3 or more engines aero plane.	as #547		The take off alternate aerodrome shall be located from the aerodrome of departure, not more than a distance equivalent to a flight time of:
759	ar-7	ar-9, ar-11	VERIFIED	B	Alternate red and white from 3000 ft to 1000 ft, then red lights to the end.			as #536		Identify runway remaining lighting on centre line lighting systems;
760	ar-12	ar-16, ar-17, ar-20	VERIFIED	B	A total of one hour of the oldest recorded data accumulated at the time of testing may be erased.			as #538		For the purpose of testing the flight recorder system:
761	ar-12	ar-16, ar-17, ar-20	FLAGGED	A	Constant air speed (VA)	A	Constant air speed (VA)	as #535	option B (level flight attitude) is arguably the right answer	If you fly into severe turbulence, which flight condition should you attempt to maintain:
762	ar-1	ar-1	VERIFIED	A	The operator			Aircraft Rules r.141(1) (operator designates PIC)		One pilot will be designated as PIC of a public transport aircraft for each flight by:
763	ar-4	ar-7, ar-12	FLAGGED	D	20 nm	D	20 nm	as #539		Enroute altitude will be determined for each stage of the route by taking 1000 ft terrain clearance within:
764	ar-13	ar-18	FLAGGED	C	All flights other then local flights	C	All flights other then local flights	as #712		A flight plan is required to be submitted to the appropriate ATS unit for
765	ar-9	ar-13	FLAGGED	D	4 hrs			as #412		Flight duty time if inevitably extended, will be limited to:
766	ar-9	ar-13	BLOCKED	B	He is cleared by the DGCA			as #432		The privileges of a license can be exercised by a pilot involved in an incident after:
767	ar-7	ar-9, ar-11	VERIFIED	C	AIP			AIP (AD 2)		For knowing the current watch hours of a station you should look onto:
768	ar-6	ar-4	FLAGGED	A	request to IFR flights and traffic information to VFR flights	B	IFR flights and IFR flights	AIP India ENR 1.4 Class D (IFR separated from IFR; VFR traffic info)	keyed A is garbled ("request to IFR flights") while B states the rule exactly	In a category D airspace, ATC will provide separation between:
769	ar-5	ar-5, ar-6, ar-8	VERIFIED	C	Lateral separation between aircraft.			Doc 4444 5.4.1 (lateral separation by track)		Track separation ensures:
770	ar-3	ar-3	VERIFIED	D	6000 ft			as #118		Aerobatics flight, if flying within 2 nm of the periphery of an aerodrome, will be carried out at a height not less then:
771	ar-9	ar-13	VERIFIED	B	125 hrs			Aircraft Rules r.42A (125 h in 30 consecutive days)		No pilot shall fly for more then the number of hours specified below during any period of 30 consecutive days:
772	ar-9	ar-13	VERIFIED	C	Any flight.			Aircraft Rules r.7B (every Indian-registered aircraft)		Cockpit check lists and emergency check lists are required to be carried in all Indian registered aircraft when they are effecting:
773	ar-1	ar-1	VERIFIED	C	magnetic north			FAA AIM 2-3-3		R/W directions are given in:
774	ar-9	ar-13	VERIFIED	D	15nm			as #236		No domestic flight carrying passengers is permitted to fly with in _________ nautical miles of international border.
775	ar-1	ar-1	FLAGGED	B	Loss of muscular power.	B	Loss of muscular power.	HPL textbook (CO symptoms list: headache, tightness across the forehead ... loss of muscular power)	both A and B are listed symptoms - two correct options	CO poisoning symptoms:
776	ar-1	ar-1	VERIFIED	C	ICAO must be informed about differences from the standards in any of the Annexes to the convention			Chicago Convention Art. 38 (Captain Ch.1 notes)		Which of the following is obligating for members of ICAO?
777	ar-1	ar-1	VERIFIED	C	The rules established under the Convention of international civil aviation			Chicago Convention Art. 12		For aircraft flying over the high seas, which rules shall be in force?
778	ar-1	ar-1	VERIFIED	B	Aerodromes			Annex 14 = Aerodromes		Annex 14 to the convention on international civil aviation contains SARPs for:
779	ar-1	ar-1	VERIFIED	A	Limitation of the operator's responsibility vis-a-vis passengers and goods transported			Warsaw Convention (Captain Ch.1 notes)		The Warsaw Convention and later amendments deals with:
780	ar-1	ar-1	VERIFIED	B	Security			Annex 17 = Security		Annex 17 to the Convention of Chicago covers:
781	ar-1	ar-1	FLAGGED	B	It shall give 60 days notice to ICAO of the differences between its own practices and the International Standard	C	It shall give immediate notice to ICAO	Chicago Convention Art. 38 (Captain Ch.1 notes line: "shall give immediate notification")	60 days applies to AMENDMENTS; stem asks about a Standard - immediate (C). Captain's own notes state both	The State has to notify the Council of ICAO if a state finds that it is impracticable to comply with an International Standard. The notice period is:
782	ar-1	ar-1	VERIFIED	B	Warsaw Convention			Warsaw Convention		The international convention defining rules relative to the responsibilities of international air carriers for the carriage of passengers, baggage and freight is the:
783	ar-1	ar-1	VERIFIED	A	Binding for the member states that have not notified ICAO about a national difference			Chicago Convention Art. 37/38		The 'Standards' contained in the Annexes to the Chicago Convention are to be considered:
784	ar-1	ar-1	VERIFIED	C	Follow the rules of the Air of the State of Registration to the extent that they do not conflict with the rules published by the State having jurisdiction over the territory overflown			Annex 2 2.1.1 (rules apply wherever the aircraft may be, to the extent they do not conflict with the rules of the State overflown)		An aircraft flying over the territory of another state must:
785	ar-1	ar-1	VERIFIED	C	2nd freedom			Freedoms of the air (Captain Ch.1 notes)		An airplane is planning a flight that will require a technical landing in a neighboring state. Which freedom of the air will be exercised?
786	ar-1	ar-1	VERIFIED	A	Offences caused in the territory of a contracting state or in a ship or aircraft registered therein, by an aircraft registered in the territory of another contracting state			Tokyo Convention 1963 (Captain Ch.1 notes)		The Tokyo Convention applies to:
787	ar-1	ar-1	VERIFIED	B	Chicago			Chicago Convention		The International Civil Aviation Organisation (ICAO) was established by the international convention of:
788	ar-1	ar-1	VERIFIED	A	Damage caused by foreign aircraft to third parties on the surface			Rome Convention		The Rome Convention and later amendments deals with:
789	ar-1	ar-1	VERIFIED	B	The convention of Tokyo			Tokyo Convention		The convention on offences and certain acts committed on board aircraft is:
790	ar-1	ar-1	VERIFIED	C	May deliver such person to the competent authorities			Tokyo Convention (commander may deliver the person to competent authorities; may only request, not require, passenger help)		The aircraft commander, when he has reasonable grounds to believe that a person has committed or is about to commit, on board the aircraft, an offence against penal law:
791	ar-1	ar-1	VERIFIED	C	Rome			Rome Convention		If a person is injured by a part falling from an aircraft flying over the state but registered in another state, which convention covers this?
792	ar-1	ar-1	VERIFIED	C	No			Captain Ch.1 notes Q17 (India has not ratified the Transport Agreement)		India is a signatory to the International Air Transport Agreement, 1944:
793	ar-1	ar-1	VERIFIED	B	The Rome Convention			Rome Convention		The convention signed by states moved by a desire to ensure adequate compensation for persons who suffer damage caused on the surface by foreign aircraft is:
794	ar-1	ar-1	VERIFIED	B	Annex 18			Annex 18 = Dangerous Goods		Which Annex to the Chicago Convention covers dangerous goods carried in aircraft?
795	ar-1	ar-1	BLOCKED	C	DGCA			no held source on who initiates		Proposal to give effect to an International Convention in India is initiated by:
796	ar-1	ar-1	VERIFIED	B	Right to land for a technical stop			Freedoms of the air (Captain Ch.1 notes: second freedom = technical stop)		The second freedom of the air is the:
797	ar-1	ar-1	VERIFIED	B	The Montreal Convention			Montreal Convention 1971		Which convention makes acts of violence on board, destruction of aircraft in flight, and destroying or damaging any air navigation facility punishable?
798	ar-1	ar-1	VERIFIED	C	The Convention of Tokyo			Tokyo Convention		According to which Convention may an aircraft commander impose measures upon a person committing a crime or an offence on board the aircraft?
799	ar-1	ar-1	VERIFIED	A	Domestic air services			Cabotage		'Cabotage' refers to:
800	ar-1	ar-1	VERIFIED	B	ICAO regulations for the member states that have not notified ICAO about a national difference within a specified period			Chicago Convention Art. 38		In case of a conflict between ICAO regulations and national regulations, which one takes precedence?
801	ar-1	ar-1	VERIFIED	B	Paris Convention, 1919			Paris Convention 1919 (Captain Ch.1 notes)		Which convention is considered to be a forerunner of the Chicago Convention, 1944?
802	sar	ar-10	VERIFIED	A	On a 24-hour basis			AIP India GEN 3.6 (SAR on a 24-hour basis)		Search and rescue services within the territory of ICAO contracting states are provided:
803	sar	ar-10	VERIFIED	C	Regional Air Navigation Agreements			Captain SAR notes (Annex 12 content)		For portions of the high seas or areas of undetermined sovereignty, SAR service areas are determined on the basis of:
804	sar	ar-10	VERIFIED	B	Rescue coordination centre and rescue sub-centres			Captain SAR notes (Annex 12 content)		The units responsible for promoting efficient organisation of search and rescue service are:
805	sar	ar-10	VERIFIED	B	In each search and rescue region			Captain SAR notes (Annex 12 content)		Contracting States shall establish a rescue co-ordination centre:
806	sar	ar-10	VERIFIED	B	SAR regions shall not overlap and neighbouring regions shall be contiguous			Captain SAR notes (Annex 12 content)		Which statement correctly describes the rules governing Search and Rescue Regions?
807	sar	ar-10	VERIFIED	A	The Indian FIR boundary, excluding Bhutan's sovereign territory			AIP India GEN 3.6 (SRR coincides with FIR, excluding Bhutan)		The boundary of the Indian Aeronautical Search and Rescue Region (SRR) coincides with:
808	sar	ar-10	VERIFIED	B	An area of defined dimensions associated with a Rescue Coordination Centre within which SAR services are provided			Captain SAR notes (Annex 12 content)		A Search and Rescue Region (SRR) is defined as:
809	sar	ar-10	VERIFIED	B	A unit subordinate to an RCC, established to complement it according to particular needs			Captain SAR notes (Annex 12 content)		A Rescue Sub-Centre (RSC) is:
810	sar	ar-10	VERIFIED	C	Four RCCs — Delhi, Mumbai, Kolkata and Chennai			AIP India GEN 3.6 (four RCCs)		Airports Authority of India (AAI) coordinates aeronautical SAR through how many Rescue Coordination Centres?
811	sar	ar-10	VERIFIED	B	A unit composed of trained personnel and provided with equipment suitable for the expeditious conduct of SAR			Captain SAR notes (Annex 12 content)		A Rescue Unit is best described as:
812	sar	ar-10	VERIFIED	C	Indian Coast Guard			Captain SAR notes (oceanic areas: Indian Coast Guard)		In India, oceanic SAR areas are the responsibility of:
813	sar	ar-10	VERIFIED	B	Secretary, Ministry of Civil Aviation			AIP India GEN 3.6 (NASARCC chaired by Secretary, MoCA)		NASARCC (National Aeronautical Search & Rescue Coordination Committee) is chaired by:
814	sar	ar-10	VERIFIED	B	Mumbai, Chennai and Port Blair			Captain SAR notes (MRCCs Mumbai, Chennai, Port Blair)		India's Maritime Rescue Coordination Centres (MRCCs) are located at:
815	sar	ar-10	VERIFIED	B	Blue			Captain SAR notes (Annex 12 content)		Survival equipment dropped by SAR aircraft and containing food and water is indicated by streamers of which colour?
816	sar	ar-10	VERIFIED	A	Red for medical supplies and first aid equipment			Captain SAR notes (Annex 12 content)		The color identification of dropped SAR containers: which of the following statements is correct?
817	sar	ar-10	VERIFIED	A	A copy of the International Code of Signals			Captain SAR notes (Annex 12 content)		SAR aircraft used over maritime areas must carry:
818	sar	ar-10	VERIFIED	B	2182 kHz, 4125 kHz, and 121.5 MHz			Captain SAR notes (Annex 12 content)		Many vessels can communicate with SAR aircraft on which frequencies?
819	sar	ar-10	VERIFIED	A	(1), then by mutual consent (2), and then (3)			Captain SAR notes (Annex 12 content)		Three aircraft arrive successively at ten-minute intervals at the scene of a recent aircraft accident. Aircraft (1) cannot contact the SAR Centre. Aircraft (2) can contact the SAR Centre. Aircraft (3) is a SAR helicopter. Command of the situation rests with:
820	sar	ar-10	VERIFIED	B	Take charge of on-scene activities of all other aircraft until the first SAR aircraft arrives			Captain SAR notes (Annex 12 content)		If the first aircraft to reach the scene of an accident is NOT a search and rescue aircraft, it shall:
821	sar	ar-10	VERIFIED	A	Keep the craft in distress in sight until compelled to leave or advised by RCC it is no longer necessary			Captain SAR notes (Annex 12 content)		When a PIC observes another aircraft or surface craft in distress and it is possible to assist, which of the following is a required action?
822	sar	ar-10	VERIFIED	C	Proceed to the position given in the distress message			Captain SAR notes (Annex 12 content)		You are flying in Mumbai FIR when you intercept a distress call. You record the message and inform Mumbai FIC. The radio operator tells you to standby. What should you consider doing while awaiting instructions?
823	sar	ar-10	VERIFIED	C	Record the position of the craft in distress if given, and if possible take a bearing on the transmission			Captain SAR notes (Annex 12 content)		Whenever a distress signal is intercepted by the PIC, which of the following actions is required?
824	sar	ar-10	VERIFIED	C	Alerting Service and Flight Information Service are often provided by the same ATS unit			Captain SAR notes (Annex 12 content)		Which alerting service statement is correct?
825	sar	ar-10	VERIFIED	B	Circle the surface craft at least once, then cross its projected course close ahead			Captain SAR notes (Annex 12 content)		An aircraft wishing to direct a surface craft to a vessel in distress will first:
826	sar	ar-10	VERIFIED	B	Cross the wake of the surface craft close astern at low altitude while rocking wings			Captain SAR notes (Annex 12 content)		To signal 'Assistance No Longer Required' to a surface craft, the aircraft should:
827	sar	ar-10	VERIFIED	B	Hoist the code pennant (red and white vertical stripes) close up, or flash 'T' in Morse, or change heading to follow			Captain SAR notes (Annex 12 content)		A surface craft indicating it has understood an aircraft's directing signal will:
828	sar	ar-10	VERIFIED	A	Hoist the international flag 'N' (blue and white checkered) or flash 'N's in Morse			Captain SAR notes (Annex 12 content)		A surface craft indicating inability to comply with an aircraft's SAR directing signal will:
829	sar	ar-10	VERIFIED	B	Require assistance			Captain SAR notes (Annex 12 content)		What is the meaning of the symbol 'V' in the ground-air visual signal code for use by survivors?
830	sar	ar-10	VERIFIED	C	Need medical assistance			Captain SAR notes (Annex 12 content)		An aircraft flying over a mountainous region sees a ground signal in the form of an 'X'. This indicates:
831	sar	ar-10	VERIFIED	A	Negative / No			Captain SAR notes (Annex 12 content)		The meaning of SAR signal 'N' when used by survivors on the ground is:
832	sar	ar-10	VERIFIED	A	Operation completed			Captain SAR notes (Annex 12 content)		What is the meaning of the symbol 'LLL' in the ground-air visual signal code for use by rescue units?
833	sar	ar-10	VERIFIED	B	We have found only some personnel			Captain SAR notes (Annex 12 content)		In the rescue unit ground-air visual code, '++' (two plus signs) indicates:
834	sar	ar-10	VERIFIED	C	Nothing found — will continue to search			Captain SAR notes (Annex 12 content)		In the rescue unit ground-air visual code, 'NN' means:
835	sar	ar-10	VERIFIED	B	2.5 metres (8 feet)			Captain SAR notes (Annex 12 content)		Ground-air visual signal symbols shall have a minimum length of:
836	sar	ar-10	VERIFIED	B	Rock its wings			Captain SAR notes (Annex 12 content)		During daylight hours, how does an aircraft indicate it has understood a ground-air visual signal?
837	sar	ar-10	VERIFIED	C	Switch landing lights on and off twice, or if not equipped, navigation lights twice			Captain SAR notes (Annex 12 content)		At night, an aircraft observes a luminous signal requesting help. To indicate it has understood these ground signals, the pilot should:
838	sar	ar-10	VERIFIED	C	A SAR satellite-aided tracking system			Captain SAR notes (Annex 12 content)		COSPAS-SARSAT is:
839	sar	ar-10	VERIFIED	C	406 MHz			Captain SAR notes (Annex 12 content)		COSPAS-SARSAT operates on a frequency of:
840	sar	ar-10	VERIFIED	B	Bangalore and Lucknow			Captain SAR notes (LUTs Bangalore and Lucknow)		India's COSPAS-SARSAT Local User Terminals (LUTs) are located at:
841	sar	ar-10	VERIFIED	C	2430 kHz			Captain SAR notes (Annex 12 content)		Which of the following is NOT an international distress frequency?
842	sar	ar-10	VERIFIED	B	Royal Government of Bhutan			Captain SAR notes (arrangement with Royal Government of Bhutan)		India currently has a formal SAR Arrangement with:
843	ar-22	ar-22	VERIFIED	A	Is cited in approximately 73% of aviation accidents.			HPL textbook ch.1 (approx. 73% human factors)		As a cause of accidents, the human factor:
844	ar-22	ar-22	VERIFIED	C	Is approximately 1 accident per million airport movements.			HPL textbook ch.1 (approx. 1 accident per million airport movements)		The rate of accidents in commercial aviation:
845	ar-22	ar-22	VERIFIED	C	Controlled Flight Into Terrain (CFIT).			HPL textbook ch.1 (CFIT most common)		The most common specific cause of pilot-induced accidents is:
846	ar-22	ar-22	VERIFIED	B	Approach and Landing.			HPL textbook (50% of airline accidents on approach and landing)		Most of the accidents take place during:
847	ar-22	ar-22	VERIFIED	A	Deficiencies in human performance.			HPL textbook ch.1 (approx. 73 % of accidents caused by human factors)		Most aircraft accidents are linked to:
848	ar-23	ar-23	VERIFIED	B	Are now considered as being inherent to the cognitive function of human and are generally inescapable.			HPL textbook (error inherent in human performance)		Human errors:
849	ar-23	ar-23	VERIFIED	B	Liveware – Software.			HPL textbook (checklists = Liveware-Software)		The error in checklist is related to an interface mismatch between:
850	ar-23	ar-23	VERIFIED	C	Error avoidance, threat management, error management and undesired aircraft state management.			FAA AC 120-90 App 1 (TEM: threats, errors, undesired aircraft states)		CRM training has under-mentioned clear aims in terms of specific skills to develop for the purpose of:
851	ar-23	ar-23	VERIFIED	C	Liveware – Hardware.			SHELL model (Liveware-Hardware)		A congested cockpit restricting movement is an interface mismatch between:
852	ar-23	ar-23	CORRECTED (proposed, not applied)	A	Liveware – Liveware.	B	Liveware – Environment.	HPL textbook ch.14: soundproofing, temperature, humidity are Liveware-Environment	keyed A (Liveware-Liveware) is wrong; noise is Environment	High noise level in a cockpit is a mismatch between:
853	ar-23	ar-23	FLAGGED	C	Liveware – Software.	C	Liveware – Software.	SHELL model	a warning system is a display - classically Liveware-HARDWARE; neither A-C lists hardware. Recommend rewrite	Inefficient warning system in the cockpit is a mismatch between:
854	ar-23	ar-23	VERIFIED	C	Liveware – Environment.			SHELL model (circadian = Liveware-Environment)		A disturbance of the biological rhythm is a mismatch between:
855	ar-23	ar-23	CONSISTENT (not document-checked)	C	Safety.			standard		The main consideration in modern airline operations should be:
856	ar-23	ar-23	VERIFIED	C	Software, hardware, environment, and livewire.			SHELL model	options misspell "liveware" as "livewire"	The elements of the SHEL model are:
857	ar-23	ar-23	VERIFIED	C	The liveware is the hub of the SHEL model; therefore, the nonhuman components should be adapted and matched to this central component.			SHELL model (liveware is the hub)		Which is true regarding the interaction between various elements of the SHEL model?
858	ar-23	ar-23	VERIFIED	C	The quality of crew performance.			HPL textbook (CRM and LOFT seek to improve the quality of crew performances)		CRM and LOFT training are designed to improve:
859	ar-23	ar-23	VERIFIED	A	Psychology, engineering, physiology, and anthropometry.			HPL textbook (anthropometry among contributing disciplines)		Four important disciplines from which information is drawn in understanding human performance and behavior are:
860	ar-23	ar-23	CONSISTENT (not document-checked)	B	Given rise to new forms of error.			HPL textbook (automation creates new forms of error)		Pilots have now become responsible for the management of hardware and software interfaces, through which they are required to direct the operation of the aircraft. These technological advances have:
861	ar-23	ar-23	VERIFIED	B	73%			HPL textbook (73%)		About what proportion of civil air accidents result from inadequate human performance?
862	ar-23	ar-23	VERIFIED	C	It is the authority relationship between captain and first officer.			HPL textbook (trans-cockpit authority gradient)		What is meant by the trans authority gradient?
863	ar-23	ar-23	FLAGGED	B	Generally relocates potential for error and increases workload.	B	Generally relocates potential for error and increases workload.	no held source quote	"relocates error" is standard; "increases workload" is not generally true (automation redistributes workload)	Introducing Automation in a cockpit:
864	ar-23	ar-23	VERIFIED	A	A real danger of attention becoming narrowed.			HPL textbook (high arousal narrows attention)		High Arousal Overload results in:
865	ar-23	ar-23	VERIFIED	C	Should take medicines prescribed by an aviation medicine specialist and take his advise for flying.			FAA AIM 8-1 (medication)		A pilot suffering from a mild headache before flight can:
866	ar-23	ar-23	FLAGGED	A	Intentional non-compliance error, Procedural error, Communication error, Proficiency error and Operational decision error.	A	Intentional non-compliance error, Procedural error, Communication error, Proficiency error and Operational decision error.	FAA AC 120-90 (current LOSA error classes: handling, procedural, communication)	keyed A is the older 5-class LOSA list; not in held sources	Categories of errors defined by TEM are:
867	ar-23	ar-23	FLAGGED	B	Time pressure, Irregular operations, Flight diversions, Missed approaches etc.	B	Time pressure, Irregular operations, Flight diversions, Missed approaches etc.	FAA AC 120-90 (environmental threats: weather, airport, ATC, terrain, traffic; airline threats: time pressure, malfunctions, dispatch)	both A and B are threats outside crew control - ambiguous	Operational Threats outside the control of flight crew are:
868	ar-23	ar-23	VERIFIED	A	GPWS			HPL textbook (GPWS and CFIT)		What airplane equipment marked a substantial decrease in hull loss rates in the eighties?
869	ar-25	ar-25	BLOCKED	B	Only blood pressure and heart functions are maintained.			searched HPL textbook, AIM 8-1: this formulation not found		In a severe case of hypoxia:
870	ar-25	ar-25	FLAGGED	C	The effects at ground level are minimal, flying during this period may entail a risk.	C	The effects at ground level are minimal, flying during this period may entail a risk.	HPL textbook "Donating blood and aircrew" (24 h wait)	C is the textbook rationale; wording of options damaged	Generally, active pilots should not donate blood, because:
871	ar-25	ar-25	CONSISTENT (not document-checked)	B	Inattentiveness, poor judgment, and uncoordinated movement.			HPL textbook		In mild cases, hypoxia causes only:
872	ar-25	ar-25	FLAGGED	C	Hyperventilation due to excessive CO₂ in blood.			physiology	hyperventilation LOWERS CO2; keyed C says it is due to excessive CO2 - no option is correct. Recommend DROP	During an extensive gym work out one experiences:
873	ar-25	ar-25	VERIFIED	B	Headache, Dizziness, Nausea, Impaired vision.			FAA AIM 8-1		The symptoms of CO poisoning are:
874	ar-25	ar-25	BLOCKED	C	82 degrees.			searched HPL textbook: hypothermia threshold not stated		In severe hypothermia, core body temperature can drop below:
875	ar-25	ar-25	FLAGGED	A	22,000 feet.	A	22,000 feet.	HPL textbook hypoxia stages (critical zone begins above 20,000 ft)	keyed 22,000 ft not in the textbook; nearest option	A pilot, climbing in a non-pressurized aircraft and without using supplemental oxygen will pass the "critical threshold" at approximately:
876	ar-25	ar-25	VERIFIED	A	Breathe oxygen at 100 percent. If hypoxia is the cause, the symptoms will improve markedly after three or four breaths. If the symptoms persist, consciously slow the rate of breathing to 10–12 breaths per minute.			HPL textbook hypoxia/hyperventilation treatment		In a steep turn at 26,000 feet, you experience a loss of muscular coordination. What should be your actions?
877	ar-25	ar-25	VERIFIED	C	Suspect onset of hypoxia. Take oxygen and descend below 10,000 feet.			HPL textbook (euphoria)		While flying solo, suddenly your mood changes to intense feelings of well-being and happiness. Your actions should be:
878	ar-25	ar-25	CONSISTENT (not document-checked)	A	Decompression sickness, expansion of gases in the intestines and hypoxia.			HPL textbook		A pressurized cabin is necessary to protect against:
879	ar-25	ar-25	VERIFIED	C	Between 5 and 10 minutes depending on the physical activities being performed.			HPL textbook TUC table (20,000 ft: 10 min sitting / 5 min moderate activity)		What is the "Time of Useful Consciousness" for a progressive decompression at 20,000 ft?
880	ar-25	ar-25	CONSISTENT (not document-checked)	C	Exposure to high altitude.			HPL textbook		Hypobaric hypoxia is a result of:
881	ar-25	ar-25	FLAGGED	A	The expansion and contraction of gases trapped in the inner ear by a blocked Eustachian tube.			HPL textbook ch.4 (middle ear; ear drum separates outer and middle ear)	keyed A says gas trapped in the INNER ear - it is the MIDDLE ear. No option fully correct	Otis Barotraumas is due to stretching of the ear drum caused by:
882	ar-25	ar-25	VERIFIED	A	Joints, skin, respiratory system and brain.			HPL textbook DCS		The release of nitrogen bubbles due to decompression can adversely affect:
883	ar-25	ar-25	VERIFIED	B	A heart attack when low blood flow causes the heart to starve for oxygen.			HPL textbook (myocardial infarction)		Myocardial infarction refers to:
884	ar-25	ar-25	VERIFIED	B	Adequate fluid intake.			HPL textbook (dehydration)		Dehydration due to low relative humidity at high altitude can be prevented with:
885	ar-25	ar-25	VERIFIED	B	Hemoglobin, red blood cells.			HPL textbook (haemoglobin in red cells)		Oxygen in blood is carried by, which is found in:
886	ar-25	ar-25	VERIFIED	A	Is the capacity of the eye to determine small detail, undistorted, at a given distance.			HPL textbook (visual acuity)		What does Visual Acuity stand for?
887	ar-25	ar-25	VERIFIED	A	Hypoxic, Anemic, Ischemic, Histotoxic.			HPL textbook (hypoxic, anaemic, stagnant/ischaemic, histotoxic)		Out of the following, which are different types of Hypoxia?
888	ar-25	ar-25	VERIFIED	B	Anemic Hypoxia as a result of CO poisoning.			HPL textbook (CO = anaemic hypoxia)		Flying a Cessna 172 at 6,000 feet with heaters on, you develop breathlessness. The most probable reason could be due to:
889	ar-25	ar-25	FLAGGED	C	Low BP resulting in Ischemic hypoxia/stagnant hypoxia, taking 100% oxygen doesn't help.	C	Low BP resulting in Ischemic hypoxia/stagnant hypoxia, taking 100% oxygen doesn't help.	HPL textbook	scenario-reasoning item; not verifiable as a unique answer	Flying Cessna 172 at 6,000 feet without heaters on, you feel sick, suffer blurred vision and feel weak. The most probable reason could be due to:
890	ar-25	ar-25	VERIFIED	A	Histotoxic Hypoxia.			HPL textbook (alcohol = histotoxic)		Flying a Cessna 172 at 6,000 feet without heaters on, you feel difficulty breathing and rapid heart rate. You remember having excessive drinks in a party previous night. The most probable reason could be due to:
891	ar-25	ar-25	FLAGGED	C	0.015 g/100 mL/hour, for men, this is usually a rate of about one standard drink per hour.	C	0.015 g/100 mL/hour, for men, this is usually a rate of about one standard drink per hour.	HPL textbook ("approximately one unit per hour")	0.015 g/100 mL/h is the US figure; not in held sources	Alcohol leaves the body at an average rate of:
892	ar-25	ar-25	VERIFIED	C	Breathing into a paper bag to raise the level of CO₂ in the blood.			HPL textbook "breathe into a paper bag"	FAA now prefers consciously slowing breathing	You can overcome hyperventilation by:
893	ar-25	ar-25	VERIFIED	C	Suspect hyperventilation, raise CO₂ level by breathing in a paper bag or consciously lowering breathing rate or shouting loudly.			FAA AIM 8-1		While joining circuit, you start breathing heavily, feel dizzy, get tingling sensations in your feet and a rapid heart rate. Your actions are:
894	ar-25	ar-25	VERIFIED	A	Chokes			HPL textbook (chokes)		Symptoms caused by gas bubbles in the lungs, following a decompression are called:
895	ar-25	ar-25	VERIFIED	B	A tilted back seat.			HPL textbook (G tolerance)		The chance of a black-out during positive G Maneuvers can be reduced by:
896	ar-25	ar-25	VERIFIED	B	Internal organs displaced, Onset of tunnel vision, Grey out, Possible black out.			HPL textbook		During sustained positive G-forces the order of symptoms is:
897	ar-25	ar-25	VERIFIED	A	Carbon monoxide over 200 times more readily than it picks up oxygen.			HPL textbook (CO affinity >200x)		Hemoglobin, the oxygen-carrying chemical in the blood, picks up:
898	ar-25	ar-25	VERIFIED	B	Colorless, odorless, tasteless gas.			FAA AIM 8-1 (colorless, odorless, tasteless)		Carbon monoxide is a:
899	ar-25	ar-25	VERIFIED	B	Negative "G" manoeuvres increase the flow of blood to the head, the face becomes very flushed, and the eyes bulge.			HPL textbook		Why most pilots can learn to tolerate moderate increases in positive "G", but many find even the smallest exposure to negative "G" to be unpleasant?
900	ar-25	ar-25	FLAGGED	C	The trapped gases inside the outer ear, which cause damage to the ossicles or the ear drum.			HPL textbook ch.4 (middle ear)	keyed C says "outer ear"; gas is trapped in the MIDDLE ear. B is closer. Recommend rewrite	Barotrauma is caused by:
901	ar-25	ar-25	FLAGGED	C	38,000 ft.	C	38,000 ft.	HPL textbook (100 % oxygen: equivalent of sea-level air at 33,700 ft; 10,000 ft air at 40,000 ft)	38,000 ft not stated; C nearest	Breathing 100% oxygen will lift the pilot's physiological safe altitude to approximately:
902	ar-25	ar-25	VERIFIED	A	Only detect black and white but are much more sensitive at lower light levels.			HPL textbook (rods: black and white, more sensitive in low light)		The retina has about 100 million rods on its peripheral zone. Rods can:
903	ar-25	ar-25	VERIFIED	C	Binocular Vision.			HPL textbook		Depth perception when objects are close is achieved through:
904	ar-25	ar-25	VERIFIED	B	Look to the side of the object.			HPL textbook night vision		Which scanning technique should be used when flying at night?
905	ar-25	ar-25	CORRECTED (proposed, not applied)	A	Can not cause any harm, hence no action is required.	B	Can cause Stroboscopic Vertigo, hence make frequent but small changes in RPM.	HPL textbook "Flicker Effect" / flicker vertigo section	keyed A ("cannot cause any harm") is wrong	Flickering light when reflected from helicopter blades or propellers of aircraft rotating at high RPM:
906	ar-25	ar-25	VERIFIED	C	Stroboscopic Effect, switch off anti-collision lights.			HPL textbook flicker/stroboscopic effect		A B-787 pilot feels nausea and dizziness while flying through low clouds. This could be due to:
907	ar-25	ar-25	VERIFIED	B	Eyesight, ear.			HPL textbook		The primary and most reliable sense of spatial orientation is ____. The balance sensors situated in the ____ provide us with a secondary system.
908	ar-25	ar-25	VERIFIED	C	Linear acceleration, angular acceleration.			HPL textbook (otoliths linear, canals angular)		The Vestibular apparatus (Otoliths + Semi-circular canals) helps maintain spatial orientation. The Otoliths detect ____. The Semi-Circular Canals detect ____.
909	ar-25	ar-25	VERIFIED	A	High, under shooting approach.			FAA AIM 8-1 (narrow runway: appears high, flies low)		A pilot approaching a runway which is narrower than normal may feel that he is ____ and make an ____.
910	ar-25	ar-25	VERIFIED	C	The sense of vision, The Vestibular Apparatus, The Somatosensory system ("seat of the pants" feeling)/G-force.			HPL textbook		Human beings maintain spatial orientation using a combination of three factors. Out of these, most reliable is ____, insufficiently reliable is ____ and not at all reliable especially in IMC is ____.
911	ar-25	ar-25	VERIFIED	A	Simultaneous head movements during aircraft manoeuvres can give the feeling to pilots that they are pitching, yawing, and rolling simultaneously.			FAA AIM 8-1 Coriolis		Coriolis illusion, causing spatial disorientation is the result of:
912	ar-25	ar-25	VERIFIED	A	Equalizes pressure between middle ear and external atmosphere.			HPL textbook ch.4		The Eustachian tube:
913	ar-25	ar-25	FLAGGED	C	Age, hypoxia, altitudes above 8,000 ft, smoking and alcohol.	C	Age, hypoxia, altitudes above 8,000 ft, smoking and alcohol.	FAA AIM 8-1 ("altitudes above 5,000 feet")	option says 8,000 ft; #914 in the same bank says 5,000 ft	Night vision can be affected by:
914	ar-25	ar-25	VERIFIED	C	Altitudes above 5,000 feet, inhaling carbon monoxide, deficiency of Vitamin A and exposure to bright sunlight.			FAA AIM 8-1 (dark adaptation impaired above 5,000 ft, CO, Vitamin A, bright sunlight)		Dark adaptation is impaired by:
915	ar-25	ar-25	VERIFIED	B	Short-sightedness, Long-sightedness.			HPL textbook (myopia = short sight)		Myopia is more commonly known as ____ and Hypermetropia as ____.
916	ar-25	ar-25	CONSISTENT (not document-checked)	A	A life-threatening condition caused by core body temperature dropping below 95 deg F. It needs emergency medical attention.			standard (95 deg F)		Hypothermia is potentially:
917	ar-25	ar-25	VERIFIED	B	Periodically and deliberately focusing on objects, both close and at a distance.			FAA AIM 8-1 (empty-field myopia)		The absence of anything to focus on in a featureless sky (empty field myopia) affects the pilot's capacity to scan for traffic. It can be overcome by:
918	ar-25	ar-25	VERIFIED	B	20-25; 19-24.			HPL textbook BMI (normal: 20-25 male, 19-24 female)		Normal Body Mass Index, or BMI, for men is ____ and for women ____.
919	ar-25	ar-25	FLAGGED	C	Graham's law.	C	Graham's law.	HPL textbook (gas transfer by partial-pressure gradient)	Graham's law is not the usual textbook answer; recommend review	"Oxygen moves from the alveoli into the blood and from the blood into the tissues" this phenomenon is explained by:
920	ar-25	ar-25	VERIFIED	A	A natural phenomena, organized formal training is the best protective measure against illusions.			HPL textbook		The illusions are:
921	ar-25	ar-25	FLAGGED	B	Low, resulting in high approaches.	B	Low, resulting in high approaches.	FAA AIM 8-1 (bright lights: illusion of less distance to the runway)	keyed B says "low" - AIM says closer	Bright runway / app. lights give illusion of being:
922	ar-25	ar-25	VERIFIED	A	Not being aligned correctly with the actual horizon.			FAA AIM 8-1 (false horizon)		A dark scene spread with ground lights and stars and obscured sky can create illusions of:
