"Chapter","No","Question","A","B","C","D","Correct","Status","Verification / Note"
"met-1 Atmosphere","1","The lowest layer of the atmosphere is the:","Troposphere","Tropopause","Stratosphere","","A) Troposphere","VERIFIED","Troposphere is the lowest layer (CAE ATPL Met, Ch.1)."
"met-1 Atmosphere","2","The height of the tropopause at the Equator is approximately:","10–12 km","16–18 km","12–14 km","","B) 16–18 km","TEXT-FIX","Equatorial tropopause ≈16 km (CAE Q2). Options de-garbled (1012→10–12)."
"met-1 Atmosphere","3","The height of the tropopause at the Poles is approximately:","12–14 km","12–13 km","8–10 km","","C) 8–10 km","TEXT-FIX","Polar tropopause ≈8 km (CAE Q19). Options de-garbled."
"met-1 Atmosphere","4","The higher the surface temperature, the ____ the tropopause:","Higher","Lower","Same","","A) Higher","TEXT-FIX","Warm surface → deeper troposphere → higher tropopause. Fixed 'tropopau se'."
"met-1 Atmosphere","5","The height of the tropopause:","Is constant","Varies with altitude","Varies with latitude","","C) Varies with latitude","VERIFIED","Tropopause height decreases from Equator to Poles (CAE Q1)."
"met-1 Atmosphere","6","Above 8 km, the lower temperatures are found over the:","Equator","Mid-latitudes","Poles","","A) Equator","CORRECTED","Equatorial tropopause is higher & colder (≈−75°C) than polar (CAE Q10). Live site showed 'Poles' — WRONG."
"met-1 Atmosphere","7","The atmosphere is heated mainly by:","Solar radiation directly","Heat from the earth's surface","Radiation from space","","B) Heat from the earth's surface","VERIFIED","Atmosphere heated from below by terrestrial radiation (CAE Ch.1)."
"met-1 Atmosphere","8","The stratosphere is:","Unstable","Neutral","Stable","","C) Stable","CORRECTED","Stratosphere is STABLE (temperature inversion). IC Joshi book marked 'Neutral' — WRONG (CAE Q11/Q12)."
"met-1 Atmosphere","9","The tropopause is discontinuous (has breaks) at about:","30° latitude","40° latitude","60° latitude","","A) 30° latitude","VERIFIED","Main tropopause breaks near 30° (sub-tropical jet); also 60° (polar). IC Joshi answer 30°."
"met-1 Atmosphere","10","Most of the atmospheric mass is contained in the:","Troposphere","Stratosphere","Heterosphere","","A) Troposphere","VERIFIED","≈¾ of atmospheric mass is in the troposphere (CAE Ch.1)."
"met-1 Atmosphere","11","The stratosphere extends from the tropopause up to about:","50 km","60 km","40 km","","A) 50 km","VERIFIED","Stratosphere ≈11–50 km (CAE Q22)."
"met-1 Atmosphere","12","The atmospheric layer characterised by a temperature inversion and great stability is the:","Troposphere","Tropopause","Stratosphere","","C) Stratosphere","VERIFIED","Stratosphere (inversion + stability)."
"met-1 Atmosphere","13","Mother-of-pearl (nacreous) clouds occur in the:","Mesosphere","Thermosphere","Stratosphere","","C) Stratosphere","VERIFIED","Nacreous/mother-of-pearl clouds ≈20–30 km, stratosphere. (Merged duplicate Q16/Q29.)"
"met-1 Atmosphere","14","In the ISA, the temperature at 17 km is:","−56.5°C","−65.5°C","−35.5°C","","A) −56.5°C","TEXT-FIX","ISA isothermal −56.5°C from 11–20 km (CAE Q20). Fixed missing minus signs."
"met-1 Atmosphere","15","By weight, the approximate ratio of O₂ to N₂ in the atmosphere is:","1:3","1:4","1:5","","A) 1:3","VERIFIED","By mass O₂≈23%, N₂≈76% → ≈1:3."
"met-1 Atmosphere","16","By volume, the approximate ratio of O₂ to N₂ in the atmosphere is:","1:3","1:4","1:5","","B) 1:4","VERIFIED","By volume O₂≈21%, N₂≈78% → ≈1:4 (CAE Q13)."
"met-1 Atmosphere","17","By volume, the proportion of CO₂ in the atmosphere is about:","3%","0.3%","0.03%","","C) 0.03%","VERIFIED","CO₂ ≈0.03–0.04% by volume."
"met-1 Atmosphere","18","In the ISA, the mean sea level temperature is:","15°C","10°C","25°C","","A) 15°C","VERIFIED","ISA MSL temperature = +15°C (CAE)."
"met-1 Atmosphere","19","The maximum concentration of ozone is at a height of about:","10–15 km","20–25 km","30–35 km","","B) 20–25 km","TEXT-FIX","Ozone maximum ≈20–25 km. Options de-garbled (1015→10–15)."
"met-1 Atmosphere","20","Supplemental oxygen is required when flying above about:","5000 ft","7000 ft","10 000 ft","","C) 10 000 ft","VERIFIED","Supplemental O₂ above ≈10 000 ft (physiology/DGCA)."
"met-1 Atmosphere","21","CO₂ and water vapour keep the atmosphere:","Warm","Cold","No effect","","A) Warm","VERIFIED","Greenhouse gases warm the atmosphere."
"met-1 Atmosphere","22","Noctilucent clouds occur in the:","Thermosphere","Mesosphere","Stratosphere","","B) Mesosphere","VERIFIED","Noctilucent clouds near the mesopause ≈80 km (mesosphere)."
"met-1 Atmosphere","23","If the temperature at 2 km is +5°C, the ISA deviation (Actual − ISA) is:","−5°C","+2°C","+3°C","","C) +3°C","TEXT-FIX","ISA@2km≈+2°C; +5−(+2)=+3°C. Fixed answer-option sign (was '−03°C')."
"met-1 Atmosphere","24","If the MSL pressure is 1002.25 hPa, the deviation from the ISA MSL pressure is:","−11 hPa","+10 hPa","+12 hPa","","A) −11 hPa","VERIFIED","1002.25 − 1013.25 = −11 hPa."
"met-1 Atmosphere","25","If the temperature at 19 km is −60°C, the ISA deviation is:","−4.5°C","−5.5°C","−3.5°C","","C) −3.5°C","TEXT-FIX","ISA@19km=−56.5°C (isothermal); −60−(−56.5)=−3.5°C."
"met-1 Atmosphere","26","The homosphere (up to ≈80 km) has a uniform composition because of:","Pressure","Gravitation","Turbulent mixing","","C) Turbulent mixing","CORRECTED","Uniform because turbulent/eddy mixing dominates. IC Joshi marked 'Gravitation' — WRONG."
"met-1 Atmosphere","27","Approximately half of the atmosphere's mass (by weight) lies below:","20 000 ft","15 000 ft","10 000 ft","","A) 20 000 ft","CORRECTED","50% of mass below ≈5500 m ≈18 000 ft → 20 000 ft closest (CAE Q23). Live notes-bank showed 15 000 ft — WRONG."
"met-1 Atmosphere","28","In the Jet Standard Atmosphere, the assumed lapse rate is:","2°C/1000 ft","2°C/km","5°C/km","","A) 2°C/1000 ft","VERIFIED","JSA uses 2°C per 1000 ft."
"met-1 Atmosphere","29","The rate of fall of temperature with height is called the:","Isothermal rate","Inversion rate","Lapse rate","","C) Lapse rate","VERIFIED","Definition of lapse rate."
"met-1 Atmosphere","30","In the actual atmosphere, the lapse rate can:","Assume any value","Only fall up to 8 km","Only rise up to 50 km","","A) Assume any value","VERIFIED","Real environmental lapse rate varies (can be positive, zero, or inverted)."
"met-1 Atmosphere","31","The tropical tropopause over India is at about:","20–21 km","14–15 km","16–16.5 km","","C) 16–16.5 km","TEXT-FIX","Tropical tropopause ≈16–17 km. Options de-garbled."
"met-1 Atmosphere","32","The lapse rate in the troposphere is caused by ____ , and the stratospheric inversion by ____:","Evaporation; condensation","Rising air; solar radiation","Terrestrial radiation; solar radiation (ozone)","Solar radiation; convection","C) Terrestrial radiation; solar radiation (ozone)","CORRECTED","Troposphere heated from below (terrestrial radiation); stratosphere warmed by ozone absorbing solar UV. IC Joshi marked 'Rising air…'. (Merged duplicate Q44.)"
"met-1 Atmosphere","33","A negative lapse rate (temperature rising with height) is known as an:","Isothermal layer","Temperature fall with height","Inversion","Adiabatic layer","C) Inversion","TEXT-FIX","Inversion = temperature increasing with height. Options tidied."
"met-1 Atmosphere","34","In the ICAO ISA, the atmosphere is assumed to be isothermal from:","11 to 16 km","11 to 20 km","11 to 32 km","0 to 11 km","B) 11 to 20 km","CORRECTED","ISA is isothermal (−56.5°C) 11→20 km, then rises. IC Joshi marked '11–32 km' — WRONG (CAE Q20/Q22)."
"met-1 Atmosphere","35","Which is a characteristic of the atmosphere?","It is a poor conductor of heat and electricity","The Equator is warmer than the poles above 10 km","The stratospheric lapse rate is positive","Density is constant above 8 km","A) It is a poor conductor of heat and electricity","VERIFIED","Air is a poor conductor; the other options are false."
"met-1 Atmosphere","36","The knowledge of the tropopause height is important to a pilot because:","Weather is mainly confined up to this level","Clouds never reach this height","All solar radiation is absorbed here","","A) Weather is mainly confined up to this level","VERIFIED","Weather (and most cloud/turbulence) is confined to the troposphere."
"met-1 Atmosphere","37","In the ISA, the tropopause is at a height of:","8–10 km","11 km","16–18 km","","B) 11 km","TEXT-FIX","ISA tropopause = 11 km (36 090 ft). Options de-garbled."
"met-1 Atmosphere","38","Most of the atmospheric water vapour is found:","In the stratosphere","Up to 30 000 ft","In the mid-troposphere","In the lower troposphere","D) In the lower troposphere","VERIFIED","Most water vapour is held in the lower troposphere (below about 3 km)."
"met-1 Atmosphere","39","The greatest transfer of heat from the earth's surface to the atmosphere is by:","Convection","Radiation","Sensible heat","Latent heat","D) Latent heat","VERIFIED","Latent heat (evaporation) is the largest single component of heat transfer from the surface to the atmosphere."
"met-1 Atmosphere","40","In the ISA, the temperature decrease with height below 11 km is:","0.5°C/100 m","0.6°C/100 m","0.65°C/100 m","1°C/100 m","C) 0.65°C/100 m","VERIFIED","ISA lapse 6.5°C/km = 0.65°C/100 m (CAE Q3)."
"met-1 Atmosphere","41","The 200 hPa pressure level, in temperate regions, is at an average height of about:","FL390","FL300","FL100","FL50","A) FL390","VERIFIED","200 hPa ≈ 38 700 ft ≈ FL390 (CAE Q4)."
"met-1 Atmosphere","42","The temperature at FL110 is −12°C. Applying the ICAO standard lapse rate, the temperature at FL140 is:","−6°C","−18°C","−9°C","−15°C","B) −18°C","VERIFIED","3000 ft × 2°C/1000 ft = 6°C colder → −18°C (CAE Q5)."
"met-1 Atmosphere","43","At a position the 300 hPa temperature is −54°C and the tropopause is at FL330. The most likely temperature at FL350 is:","−48°C","−60°C","−56.5°C","−64°C","B) −60°C","VERIFIED","FL300→FL330: −54−6=−60°C; above tropopause isothermal → FL350=−60°C (CAE Q6)."
"met-1 Atmosphere","44","The boundary between the troposphere and the stratosphere is called the:","Ionosphere","Stratopause","Atmosphere","Tropopause","D) Tropopause","VERIFIED","Tropopause (CAE Q7)."
"met-1 Atmosphere","45","Which constant-pressure chart is standard for the FL50 (≈4781 ft) level?","500 hPa","300 hPa","850 hPa","700 hPa","C) 850 hPa","VERIFIED","850 hPa ≈ 5000 ft (CAE Q8)."
"met-1 Atmosphere","46","An OAT of −30°C is measured at FL200. The temperature deviation from ISA is:","5°C colder than ISA","5°C warmer than ISA","10°C colder than ISA","10°C warmer than ISA","A) 5°C colder than ISA","VERIFIED","ISA@FL200=−25°C; −30 is 5°C colder (CAE Q9)."
"met-1 Atmosphere","47","The most likely temperature at the tropical tropopause is:","−56.5°C","−75°C","−40°C","−25°C","B) −75°C","VERIFIED","Tropical tropopause ≈−75°C (CAE Q10)."
"met-1 Atmosphere","48","In the lower part of the stratosphere the temperature:","Is almost constant","Decreases with altitude","Increases with altitude","Increases then decreases","A) Is almost constant","VERIFIED","Lower stratosphere is isothermal (CAE Q12)."
"met-1 Atmosphere","49","An air temperature of −15°C at the 700 hPa level over western Europe would be characterised as:","Within ±5°C of ISA","20°C below standard","Low","High","C) Low","VERIFIED","700 hPa≈FL100, ISA≈−5°C; −15°C is colder than standard = Low (CAE Q15)."
"met-1 Atmosphere","50","Flying at FL300 in an air mass 15°C warmer than ISA, the outside temperature is likely:","−15°C","−30°C","−45°C","−60°C","B) −30°C","VERIFIED","ISA@FL300=−45°C; +15 → −30°C (CAE Q16)."
"met-1 Atmosphere","51","At FL140 the OAT is −8°C. The freezing level is at approximately:","FL75","FL100","FL130","FL180","B) FL100","VERIFIED","−8°C→0°C needs +4000 ft descent (2°C/1000 ft); FL140−40=FL100 (CAE Q17)."
"met-1 Atmosphere","52","The most important constituent in the atmosphere from a weather standpoint is:","Carbon dioxide","Oxygen","Water vapour","Methane","C) Water vapour","VERIFIED","Water vapour drives weather (CAE Q18)."
"met-1 Atmosphere","53","The average height of the tropopause at latitude 50° is about:","8 km","11 km","14 km","16 km","B) 11 km","VERIFIED","Mid-latitude tropopause ≈11 km (CAE Q19)."
"met-1 Atmosphere","54","Between MSL and 20 km, the lowest temperature in the ISA is:","−273°C","−44.7°C","−56.5°C","−100°C","C) −56.5°C","VERIFIED","ISA minimum −56.5°C in the 11–20 km isothermal layer (CAE Q20)."
"met-1 Atmosphere","55","The ISA assumes the temperature reduces at:","1.98°C/1000 ft up to 36 090 ft, then constant to 65 617 ft","1.98°C/1000 ft up to 36 090 ft, then +0.3°C/1000 ft","2°C/1000 ft up to 65 617 ft","2°C/1000 ft up to 36 090 ft, then +0.3°C/1000 ft","A) 1.98°C/1000 ft up to 36 090 ft, then constant to 65 617 ft","VERIFIED","ISA: 1.98°C/1000 ft to 36 090 ft then isothermal to 65 617 ft (CAE Q21)."
"met-1 Atmosphere","56","A temperature of +15°C is recorded at 500 m AMSL. Using the standard lapse rate, the temperature at a 2500 m summit is:","0°C","+2°C","+4°C","−2°C","B) +2°C","VERIFIED","2000 m × 6.5°C/km = 13°C; 15−13=+2°C (CAE Q24)."
"met-2 Pressure","1","Around a low-pressure area, the surface winds:","Converge","Diverge","Blow straight","","A) Converge","VERIFIED","Surface winds spiral inward (converge) into a low."
"met-2 Pressure","2","Low pressure is generally associated with:","Good weather","Bad weather","No particular weather","","B) Bad weather","VERIFIED","Lows bring rising air, cloud and bad weather."
"met-2 Pressure","3","In a high-pressure area the winds are generally:","Normal","Strong","Weak","","C) Weak","VERIFIED","Highs have a slack pressure gradient → light/weak winds."
"met-2 Pressure","4","Flying from an area of low pressure to high pressure (subscale unchanged), the altimeter will read:","Over-read","Under-read","Constant","","B) Under-read","VERIFIED","Low to high → altimeter under-reads (true altitude higher than indicated)."
"met-2 Pressure","5","Isallobars are lines joining places of equal:","Pressure","Temperature tendency","Pressure tendency","","C) Pressure tendency","VERIFIED","Isallobars = equal pressure change (tendency) over a period."
"met-2 Pressure","6","An altimeter is which kind of barometer?","Aneroid","Mercury","Alcohol","","A) Aneroid","VERIFIED","An altimeter is an aneroid barometer calibrated in feet."
"met-2 Pressure","7","The region between two lows and two highs is called a:","Depression","Secondary low","Col","","C) Col","VERIFIED","A col is the neutral region between two lows and two highs."
"met-2 Pressure","8","The relationship between height and pressure is used in the construction of the:","Altimeter","Airspeed indicator","Vertical speed indicator","","A) Altimeter","VERIFIED","The pressure altimeter converts pressure to height."
"met-2 Pressure","9","An altimeter measures the height of the aircraft above the:","Mean sea level","1013.2 hPa datum","Datum level set on its subscale","","C) Datum level set on its subscale","VERIFIED","It reads height above the pressure datum set on the subscale."
"met-2 Pressure","10","Two aircraft at the same indicated altitude (1013.2 hPa set), one over a cold air mass and one over a warm air mass. Which has the greater true altitude?","The one over the warm air mass","The one over the cold air mass","","","A) The one over the warm air mass","VERIFIED","Warm air is less dense; pressure falls more slowly, so true altitude is greater over warm air."
"met-2 Pressure","11","The rate of fall of pressure with height in a warm air mass, compared with a cold air mass, is:","The same","More rapid","Less rapid","","C) Less rapid","VERIFIED","Warm air is less dense → pressure falls less rapidly with height."
"met-2 Pressure","12","Near MSL, an increase of 1000 ft corresponds to a pressure decrease of about:","100 hPa","1000 hPa","3 hPa","33 hPa","D) 33 hPa","VERIFIED","Near MSL ≈1 hPa per 30 ft → 1000 ft ≈ 33 hPa."
"met-2 Pressure","13","Lines drawn through places of equal pressure are called:","Isobars","Isotherms","Isogonals","Isoclinals","A) Isobars","VERIFIED","Isobars join places of equal pressure."
"met-2 Pressure","14","Semi-diurnal (twice-daily) pressure variations are most pronounced in the:","Polar regions","Middle latitudes","Tropics","","C) Tropics","VERIFIED","The atmospheric semi-diurnal pressure tide is strongest in the tropics."
"met-2 Pressure","15","In the Southern Hemisphere, the wind around a low-pressure area blows:","Clockwise","Anticlockwise","Straight across the isobars to the centre","","A) Clockwise","VERIFIED","SH lows circulate clockwise."
"met-2 Pressure","16","When an altimeter on the ground reads the aerodrome elevation, its subscale is set to:","QNH","QNE","QFF","QFE","A) QNH","VERIFIED","With QNH set, the altimeter reads altitude above MSL = aerodrome elevation on the ground."
"met-2 Pressure","17","Poor visibility is most often associated with a:","High","Low","Col","","A) High","VERIFIED","Highs are stable → haze/fog and poor visibility."
"met-2 Pressure","18","On either side, perpendicular to a ____, the pressure rises:","Trough","Ridge","Low","","A) Trough","VERIFIED","A trough is a line of lowest pressure; pressure rises away from it on both sides."
"met-2 Pressure","19","The fall of pressure with height is more rapid in:","Cold areas","Warm areas","Humid areas","","A) Cold areas","VERIFIED","Cold air is denser → pressure falls more rapidly with height."
"met-2 Pressure","20","In the ISA, the 300 hPa level corresponds to approximately:","20 000 ft","30 000 ft","35 000 ft","","B) 30 000 ft","VERIFIED","300 hPa ≈ 30 000 ft (FL300)."
"met-2 Pressure","21","In the ISA, 18 000 ft corresponds to a pressure of approximately:","700 hPa","200 hPa","500 hPa","","C) 500 hPa","VERIFIED","18 000 ft ≈ 500 hPa (half sea-level pressure)."
"met-2 Pressure","22","In the ISA, the 200 hPa level corresponds to approximately:","20 000 ft","30 000 ft","40 000 ft","","C) 40 000 ft","VERIFIED","200 hPa ≈ 38 700–40 000 ft."
"met-2 Pressure","23","In the ISA, 24 000 ft corresponds to a pressure of approximately:","400 hPa","500 hPa","300 hPa","","A) 400 hPa","VERIFIED","24 000 ft ≈ 400 hPa."
"met-2 Pressure","24","In the ISA, the 700 hPa level corresponds to approximately:","20 000 ft","10 000 ft","18 000 ft","","B) 10 000 ft","VERIFIED","700 hPa ≈ 10 000 ft."
"met-2 Pressure","25","In the ISA, 40 000 ft corresponds to a pressure of approximately:","400 hPa","500 hPa","200 hPa","","C) 200 hPa","VERIFIED","40 000 ft ≈ 200 hPa."
"met-2 Pressure","26","In the ISA, the 850 hPa level corresponds to approximately:","7 000 ft","5 000 ft","10 000 ft","","B) 5 000 ft","VERIFIED","850 hPa ≈ 5 000 ft."
"met-2 Pressure","27","An aircraft is gaining true altitude although the altimeter reads a constant altitude. This is because it is:","Standard pressure has risen","Flying towards a high","Flying towards a low","Temperature has decreased","B) Flying towards a high","VERIFIED","Flying toward higher pressure, the altimeter under-reads; holding the indication means climbing."
"met-2 Pressure","28","A contour of 9160 m would be expected on a constant-pressure chart for the level:","500 hPa","400 hPa","300 hPa","200 hPa","C) 300 hPa","VERIFIED","9160 m ≈ 30 000 ft ≈ 300 hPa."
"met-2 Pressure","29","A steep pressure gradient means:","Contours far apart, weak wind","Contours far apart, strong wind","Isobars far apart, low temperature","Isobars closely packed, strong wind","D) Isobars closely packed, strong wind","VERIFIED","Closely-packed isobars = steep gradient = strong wind."
"met-2 Pressure","30","The inversion that occurs when a stable layer sinks within a high-pressure area is a:","Negative inversion","Radiation inversion","Subsidence inversion","Air-mass inversion","C) Subsidence inversion","VERIFIED","Subsiding air in a high warms adiabatically → subsidence inversion."
"met-2 Pressure","31","Which condition would cause the true altitude to be greater than the indicated altitude (altimeter constant)?","Warm / Low","Cold / Low","Hot / High","Cool / Low","C) Hot / High","VERIFIED","Flying toward hot air and/or high pressure → altimeter under-reads → true altitude greater."
"met-2 Pressure","32","The vertical air motion associated with a cyclone (low) is:","Descending and subsiding","Ascending and converging","Descending and cooling","Ascending and diverging","B) Ascending and converging","VERIFIED","A low = converging, ascending air."
"met-2 Pressure","33","An aerodrome is at mean sea level; its QNH is 1014.0 hPa. Its QFF is:","1014.0 hPa","1013.25 hPa","Cannot be determined","More than QNH","A) 1014.0 hPa","VERIFIED","At MSL, QFE = QNH = QFF."
"met-2 Pressure","34","The instrument that continuously records atmospheric pressure is the:","Anemograph","Barograph","Hygrograph","Barometer","B) Barograph","TEXT-FIX","A barograph records pressure. The original option set was missing 'Barograph' (a barometer only measures); corrected."
"met-2 Pressure","35","Flying Delhi→Calcutta at a constant indicated altitude and drifting to starboard, the true altitude compared with the indicated altitude will be:","Lower","Same","Higher","","A) Lower","VERIFIED","Drift to starboard (NH) means heading toward lower pressure → altimeter over-reads → true altitude lower."
"met-2 Pressure","36","Which statement about a col is correct?","It brings bad weather with good visibility","It always brings fog","It brings strong winds","","A) It brings bad weather with good visibility","TEXT-FIX","Reworded from a garbled item: a low/col region often pairs unsettled weather with relatively good visibility."
"met-2 Pressure","37","Atmospheric pressure at a point is fundamentally due to:","Wind","Temperature","Gravity (weight of the air above)","Density","C) Gravity (weight of the air above)","VERIFIED","Atmospheric pressure is the weight of the overlying air acting under gravity."
"met-2 Pressure","38","On a 300 hPa constant-pressure chart, the contours (isohypses) are drawn at intervals of:","20 gpm","40 gpm","60 gpm","80 gpm","D) 80 gpm","VERIFIED","On the 300 hPa chart the contour (isohypse) interval is 80 gpm."
"met-2 Pressure","39","On a 500 hPa constant-pressure chart, the contours (isohypses) are drawn at intervals of:","20 gpm","40 gpm","60 gpm","80 gpm","B) 40 gpm","VERIFIED","On the 500 hPa chart the contour (isohypse) interval is 40 gpm."
"met-2 Pressure","40","An aerodrome is 160 m AMSL with QNH 1005 hPa (assume 1 hPa = 8 m). Its QFE is:","1015 hPa","985 hPa","1005 hPa","975 hPa","B) 985 hPa","VERIFIED","160 m ÷ 8 m/hPa = 20 hPa; QFE = QNH − 20 = 985 hPa."
"met-2 Pressure","41","The barometric pressure at the airfield datum point is known as the:","QFF","QNH","QFE","Standard pressure","C) QFE","VERIFIED","QFE = pressure at the aerodrome reference point."
"met-2 Pressure","42","The pressure of the atmosphere with increasing height:","Decreases at an increasing rate","Decreases at a constant rate","Decreases at a decreasing rate","Is constant above the tropopause","C) Decreases at a decreasing rate","VERIFIED","Pressure falls at a decreasing rate with height (exponential decay)."
"met-2 Pressure","43","Atmospheric pressure may be defined as:","The weight of the atmosphere on any surface","The weight of the atmosphere at sea level","The force per unit area exerted by the atmosphere on any surface with which it is in contact","A pressure of 1013.2 hPa","C) The force per unit area exerted by the atmosphere on any surface with which it is in contact","VERIFIED","Pressure = force per unit area exerted by the atmosphere."
"met-2 Pressure","44","The QFF is the atmospheric pressure:","At the place where the reading is taken","Corrected to MSL assuming ISA conditions","At the place of reading corrected to MSL using the prevailing (actual) temperature","As measured at the aerodrome reference point","C) At the place of reading corrected to MSL using the prevailing (actual) temperature","VERIFIED","QFF = QFE reduced to MSL using the actual temperature."
"met-2 Pressure","45","A pressure of 1013 hPa is known as the:","Standard pressure setting","QNH","QFE","QFF","A) Standard pressure setting","VERIFIED","1013.25 hPa = Standard Pressure Setting (SPS)."
"met-2 Pressure","46","The altimeter reads zero at aerodrome level when the subscale is set to:","QFF","QNH","SPS","QFE","D) QFE","VERIFIED","With QFE set, the altimeter reads zero at aerodrome level."
"met-2 Pressure","47","The aerodrome QNH is the aerodrome pressure:","Corrected to MSL assuming ISA conditions","Corrected to MSL assuming isothermal conditions","Corrected for temperature and reduced to MSL using the actual atmosphere","Uncorrected","A) Corrected to MSL assuming ISA conditions","VERIFIED","QNH = QFE reduced to MSL using the ISA (standard atmosphere)."
"met-2 Pressure","48","An isobar on a meteorological (analysis) chart joins all places having the same:","QFE","QFF","QNH","Standard pressure","B) QFF","VERIFIED","Isobars on analysis charts are drawn for corrected MSL pressure (QFF)."
"met-2 Pressure","49","Pressure will ____ with increasing height, being about ____ at 10 000 ft and ____ at 30 000 ft:","Increase / 800 / 400 hPa","Decrease / 700 / 300 hPa","Increase / 200 / 800 hPa","Decrease / 500 / 200 hPa","B) Decrease / 700 / 300 hPa","VERIFIED","≈700 hPa at 10 000 ft and ≈300 hPa at 30 000 ft."
"met-2 Pressure","50","An airfield is 100 m AMSL, QFF 1030 hPa, surface temperature −15°C. The QNH is:","Impossible to determine","Less than 1030 hPa","Same as QFF","More than 1030 hPa","B) Less than 1030 hPa","VERIFIED","Above MSL and colder than ISA → QFF exceeds QNH, so QNH < 1030 hPa."
"met-3 Temperature","1","The diurnal variation of temperature is greatest when the wind is:","Calm","Light","Strong","","A) Calm","VERIFIED","Calm winds allow the largest day-night temperature range."
"met-3 Temperature","2","The diurnal variation of temperature is greatest over:","Forest","Ocean","Land","","C) Land","VERIFIED","Land heats and cools faster than water → larger diurnal range."
"met-3 Temperature","3","ALBEDO is the:","Radiation received by the earth","Amount of heat stored","Reflecting power of a surface","","C) Reflecting power of a surface","VERIFIED","Albedo = fraction of incident radiation reflected by a surface."
"met-3 Temperature","4","During the day the air (ambient) temperature is ____ than the ground:","Lower","Higher","Same","","A) Lower","VERIFIED","By day the sun-heated ground is warmer than the air above it."
"met-3 Temperature","5","The diurnal variation of temperature over the ocean is:","More than over land","Above 3°C","Less than 1°C","","C) Less than 1°C","VERIFIED","Water's high thermal capacity keeps the ocean's diurnal range under ~1°C."
"met-3 Temperature","6","At a coastal station the diurnal temperature variation depends mainly on the:","Wind direction","Wind speed","Radiation","","A) Wind direction","VERIFIED","Onshore (maritime) vs offshore (continental) wind sets the range."
"met-3 Temperature","7","Solar radiation received per unit area is called:","Insolation","Convection","Conduction","","A) Insolation","VERIFIED","Insolation = INcoming SOLar radiATION per unit area."
"met-3 Temperature","8","Solar radiation reaching the earth is predominantly:","Long wave","Albedo","Short wave","","C) Short wave","VERIFIED","The hot sun emits short-wave radiation; the cool earth emits long-wave."
"met-3 Temperature","9","The rise in temperature of a surface is ____ proportional to its specific heat:","Directly","Inversely","","","B) Inversely","VERIFIED","Higher specific heat → smaller temperature rise for the same heat input."
"met-3 Temperature","10","The specific heat of land compared with water is:","Lower","Same","Higher","","A) Lower","VERIFIED","Land has a lower specific heat, so it heats and cools faster."
"met-3 Temperature","11","The minimum daily temperature is reached at:","Sunrise","Midnight","About ½–1 hour after sunrise","","C) About ½–1 hour after sunrise","VERIFIED","Cooling continues just past sunrise until incoming exceeds outgoing radiation."
"met-3 Temperature","12","The temperature to which an air parcel must be cooled to reach saturation is the:","Potential temperature","Dew point","Wet-bulb temperature","","B) Dew point","VERIFIED","Dew point = saturation temperature at constant pressure."
"met-3 Temperature","13","Cloudy nights are generally:","Cold","Normal","Warm","","C) Warm","VERIFIED","Cloud re-radiates long-wave heat back to the surface → warmer nights."
"met-3 Temperature","14","Water vapour is ____ transparent to terrestrial (long-wave) radiation:","Completely","Partially","Not at all","","B) Partially","VERIFIED","Water vapour absorbs much long-wave radiation (partial transparency / atmospheric window)."
"met-3 Temperature","15","The higher the temperature of a body, the ____ the wavelength of radiation it emits:","Longer","Shorter","","","B) Shorter","VERIFIED","Wien's law: hotter bodies radiate at shorter wavelengths."
"met-3 Temperature","16","Air is a poor conductor of heat, so an air parcel can be regarded as insulated from its environment:","False","True","","","B) True","VERIFIED","This underpins the adiabatic treatment of rising/sinking parcels."
"met-3 Temperature","17","The warmer the earth's surface, the ____ its nocturnal (long-wave) radiation:","More intense","Weaker","Unchanged","","A) More intense","VERIFIED","Stefan–Boltzmann: emission rises steeply with temperature."
"met-3 Temperature","18","Heat is the ____ of the kinetic energy of all the molecules of a substance:","Sum total","Average","","","A) Sum total","VERIFIED","Heat = total molecular KE; temperature = average KE."
"met-3 Temperature","19","Intense radiation is emitted by:","Hot bodies","Cold bodies","Only stars","","A) Hot bodies","VERIFIED","Radiated energy increases with temperature (Stefan–Boltzmann)."
"met-3 Temperature","20","The wavelength of the most intense radiation is inversely proportional to the body's:","Absolute temperature","Humidity","Albedo","","A) Absolute temperature","VERIFIED","Wien's displacement law."
"met-3 Temperature","21","Hot bodies (such as the sun) radiate mainly:","Short waves","Long waves","Both equally","","A) Short waves","VERIFIED","High-temperature emitters radiate short-wave energy."
"met-3 Temperature","22","About 77% of the heat flow from the earth's surface to the atmosphere is by:","Sensible heat","Latent heat","","","B) Latent heat","VERIFIED","Evaporation/latent heat is the dominant surface-to-atmosphere heat transfer."
"met-3 Temperature","23","Is 40°C equal to 40°F?","True","False","","","B) False","VERIFIED","40°C = 104°F (only −40° is equal on both scales)."
"met-3 Temperature","24","Surface (screen) temperature is recorded at a height above ground of:","1.5 m","1.25 m","2 m","","B) 1.25 m","VERIFIED","IMD standard screen thermometer height is 1.25 m."
"met-3 Temperature","25","The door of a Stevenson's screen should open:","Away from the sun (poleward)","Towards the sun","Any direction","","A) Away from the sun (poleward)","VERIFIED","Opening away from the sun prevents direct radiation on the thermometers."
"met-3 Temperature","26","The liquid used in a minimum thermometer is:","Mercury","Alcohol","Water","","B) Alcohol","VERIFIED","Minimum thermometers use alcohol (spirit)."
"met-3 Temperature","27","The freezing point of water is:","0°F","12°F","22°F","32°F","D) 32°F","VERIFIED","Water freezes at 32°F."
"met-3 Temperature","28","The boiling point of water is:","100°F","112°F","212°F","312°F","C) 212°F","VERIFIED","Water boils at 212°F."
"met-3 Temperature","29","The freezing point of water in Kelvin is:","173 K","273 K","373 K","473 K","B) 273 K","VERIFIED","0°C = 273 K."
"met-3 Temperature","30","The boiling point of water in Kelvin is:","373 K","273 K","173 K","312 K","A) 373 K","VERIFIED","100°C = 373 K."
"met-3 Temperature","31","Convert 68°F to Kelvin:","233 K","283 K","294 K","293 K","D) 293 K","VERIFIED","68°F = 20°C = 293 K."
"met-3 Temperature","32","The diurnal variation of temperature is least on a day that is:","Clear","Partly cloudy","Cloudy","Overcast","D) Overcast","VERIFIED","Overcast skies suppress both heating and cooling → smallest range."
"met-3 Temperature","33","A clear, calm night is cooler than a cloudy night because the nocturnal radiation is:","Escaping freely through cloud","Partly radiated back to earth by cloud","Fully absorbed by water vapour","Fully trapped by cloud","B) Partly radiated back to earth by cloud","VERIFIED","Cloud returns long-wave radiation to the surface, reducing night cooling."
"met-3 Temperature","34","The total energy radiated by a black body is proportional to:","T²","T³","T⁴","T","C) T⁴","TEXT-FIX","Stefan–Boltzmann law: E ∝ T⁴. Original options were garbled (T², T, T); corrected."
"met-3 Temperature","35","On a clear day, the fraction of solar radiation reaching the earth's surface is about:","Three-quarters","30%","Five-sixths","","A) Three-quarters","VERIFIED","On a clear day about three-quarters of the incoming solar radiation reaches the surface."
"met-3 Temperature","36","A fresh snow surface reflects about ____ of incident solar radiation:","75%","80%","90%","","A) 75%","VERIFIED","Fresh snow reflects about 75% of incident solar radiation."
"met-3 Temperature","37","Solar radiation consists of about 46%:","Ultraviolet","Infra-red","Visible light","","B) Infra-red","VERIFIED","About 46% of solar radiation is infra-red (roughly 45% visible, 9% ultraviolet)."
"met-4 Air Density","1","Air density near the surface is ____ at the poles than at the Equator:","Higher","Lower","Same","","A) Higher","VERIFIED","Cold polar air is denser than warm equatorial air."
"met-4 Air Density","2","Above about 8 km, air density is ____ at the poles than at the Equator:","Higher","Lower","Same","","B) Lower","VERIFIED","The reversal: above ~8 km the equatorial column is deeper, so density is lower over the poles."
"met-4 Air Density","3","The altitude in the ISA at which the air density equals the observed density is called the:","Density altitude","ISA density","Real density","","A) Density altitude","VERIFIED","Definition of density altitude."
"met-4 Air Density","4","Density is usually expressed in:","kg per square metre","grams per cubic metre","newtons per square metre","","B) grams per cubic metre","VERIFIED","Density = mass/volume (e.g. g/m³)."
"met-4 Air Density","5","A higher density altitude means a ____ air density:","Higher","Lower","Same","","B) Lower","VERIFIED","High density altitude corresponds to low actual air density."
"met-4 Air Density","6","For a given pressure and temperature, moist air has a ____ density than dry air:","Higher","Lower","Same","","B) Lower","VERIFIED","Water vapour is lighter than dry air, so moist air is less dense."
"met-4 Air Density","7","Air is less dense in:","High altitudes","Warm air","High humidity","All of these","D) All of these","VERIFIED","Altitude, heat and humidity each reduce density."
"met-4 Air Density","8","Density altitude may be defined as:","The ISA altitude at which the prevailing pressure occurs","The ISA altitude at which the prevailing density occurs","A constant-pressure surface referenced to 1013.2 hPa","","B) The ISA altitude at which the prevailing density occurs","VERIFIED","Density altitude = ISA altitude matching the actual density."
"met-4 Air Density","9","Air is least dense in conditions of:","Low altitude","High pressure","High altitude, high temperature and high humidity","","C) High altitude, high temperature and high humidity","VERIFIED","All three factors lower density (reworded from a duplicate)."
"met-4 Air Density","10","If pressure increases (temperature unchanged), the density altitude:","Increases","Lowers","Remains the same","","B) Lowers","CORRECTED","Higher pressure gives higher density, so the density altitude lowers."
"met-4 Air Density","11","For every 1°C rise in temperature above ISA, the density altitude changes by about:","33 ft","100 ft","120 ft","210 ft","C) 120 ft","CORRECTED","≈120 ft per °C (density altitude ≈ pressure altitude + 118 ft × ISA-deviation). IC Joshi marked 33 ft — incorrect."
"met-5 Humidity","1","The ratio (%) of the water vapour present in the air to the amount it could hold at the same temperature is:","Humidity","Relative humidity","Dew point","","B) Relative humidity","VERIFIED","Definition of relative humidity."
"met-5 Humidity","2","The temperature to which air must be cooled at constant pressure to become saturated is the:","Wet-bulb temperature","Dry-bulb temperature","Dew point","Humidity","C) Dew point","VERIFIED","Definition of dew point."
"met-5 Humidity","3","The free-air, wet-bulb and dew-point temperatures are equal when:","Air temperature is 0°C","Relative humidity is 100%","Air temperature is above 0°C","","B) Relative humidity is 100%","VERIFIED","At saturation (RH 100%) all three coincide."
"met-5 Humidity","4","Compared with a sunny day, the runway length required on a rainy day is:","More","Less","Same","","A) More","VERIFIED","A wet runway reduces braking/increases required length."
"met-5 Humidity","5","The spread between the free-air temperature and the dew point, when the air is saturated, is:","Large","Least (≈0)","Unchanged","","B) Least (≈0)","VERIFIED","At saturation the temperature–dew point spread is near zero."
"met-5 Humidity","6","The saturation vapour pressure over water is ____ than that over ice (at the same sub-zero temperature):","More","Less","Same","","A) More","VERIFIED","SVP over water exceeds SVP over ice — the basis of ice-crystal growth."
"met-5 Humidity","7","As the temperature of air increases, the amount of water vapour required to saturate it:","Decreases","Increases","Stays the same","","B) Increases","VERIFIED","Warmer air holds more water vapour at saturation."
"met-5 Humidity","8","The actual mass of water vapour in a given volume of air is termed:","Relative humidity","Specific humidity","Absolute humidity","","C) Absolute humidity","VERIFIED","Absolute humidity = mass of water vapour per unit volume."
"met-5 Humidity","9","The humidity mixing ratio, when unsaturated air is lifted adiabatically:","Decreases","Remains constant","Increases","","B) Remains constant","VERIFIED","Mixing ratio is conserved until saturation is reached."
"met-5 Humidity","10","The lowest temperature air reaches by evaporating water into it until saturated is the:","Wet-bulb temperature","Dry-bulb temperature","Dew point","","A) Wet-bulb temperature","VERIFIED","Definition of wet-bulb temperature."
"met-6 Wind","1","In the Southern Hemisphere, if an observer faces the wind, the low pressure is to their:","Right","Left","","","B) Left","VERIFIED","SH: back to wind → low on the right; facing the wind → low on the left."
"met-6 Wind","2","In the Northern Hemisphere, due to the earth's rotation, winds are deflected to the:","Left","Right","","","B) Right","VERIFIED","Coriolis deflects moving air to the right in the NH."
"met-6 Wind","3","Local (thermal) winds obey Buys Ballot's law:","False","True","","","A) False","VERIFIED","Buys Ballot applies to large-scale gradient wind, not local winds."
"met-6 Wind","4","In the Northern Hemisphere the Coriolis force acts perpendicular to the wind, to its:","Left","Right","","","B) Right","VERIFIED","Coriolis acts 90° to the right of motion in the NH."
"met-6 Wind","5","The geostrophic wind results from a balance between:","Coriolis and friction","Pressure gradient and cyclostrophic force","Pressure gradient and Coriolis force","","C) Pressure gradient and Coriolis force","VERIFIED","Geostrophic balance = pressure-gradient force vs Coriolis force."
"met-6 Wind","6","The Coriolis force is strongest at the:","Mid-latitudes","Poles","Equator","","B) Poles","VERIFIED","Coriolis is maximum at the poles, zero at the Equator."
"met-6 Wind","7","The geostrophic approximation breaks down at the:","Mid-latitudes","Poles","Equator","","C) Equator","VERIFIED","Coriolis → 0 at the Equator, so geostrophic balance fails."
"met-6 Wind","8","Föhn winds on the leeward side of a mountain are:","Dry and warm","Cold and humid","","","A) Dry and warm","VERIFIED","Descending leeward air is warmed adiabatically and dried."
"met-6 Wind","9","The wind sliding down a hillside at night is called a ____ wind:","Föhn","Anabatic","Katabatic","","C) Katabatic","VERIFIED","Katabatic = nocturnal downslope drainage wind."
"met-6 Wind","10","With the onset of a sea breeze there is a ____ in temperature and a ____ in relative humidity:","Fall / Rise","Rise / Fall","Fall / Fall","","A) Fall / Rise","VERIFIED","Cool, moist sea air lowers temperature and raises RH."
"met-6 Wind","11","A sea breeze sets in by ____ and dies off at ____:","Night / Day","Day / Night","Both day and night","","B) Day / Night","VERIFIED","Sea breeze blows during the day, ceasing at night."
"met-6 Wind","12","In the NH, an aircraft flying from high to low pressure experiences:","Starboard drift","Port drift","","","A) Starboard drift","VERIFIED","NH high→low: drift to starboard."
"met-6 Wind","13","In the NH, if you experience port drift, the altimeter will read:","Under","Over","","","A) Under","VERIFIED","Port drift ⇒ flying low→high pressure ⇒ altimeter under-reads."
"met-6 Wind","14","Lines of constant wind speed on a chart are called:","Isobars","Isotachs","Isogons","","B) Isotachs","VERIFIED","Isotachs join points of equal wind speed."
"met-6 Wind","15","A squall is distinguished from a gust by its:","Shorter duration","Longer duration","Lower wind speed","","B) Longer duration","VERIFIED","A squall is a sustained increase (minutes); a gust is momentary."
"met-6 Wind","16","The thermal wind is:","A wind caused by thermals","A warm leeward downslope wind","The vector to add to the lower geostrophic wind to obtain the upper geostrophic wind","","C) The vector to add to the lower geostrophic wind to obtain the upper geostrophic wind","VERIFIED","Thermal wind = vector difference between upper and lower geostrophic winds."
"met-6 Wind","17","Where isobars are closely packed, the surface winds are likely to be:","Light and parallel to the isobars","Strong and parallel to the isobars","Strong and blowing across the isobars","","B) Strong and parallel to the isobars","VERIFIED","Tight gradient → strong winds, near-parallel to isobars aloft."
"met-6 Wind","18","Anabatic wind occurs:","At night","At any time","During the day","","C) During the day","VERIFIED","Anabatic = daytime upslope wind."
"met-6 Wind","19","Anabatic wind is stronger than katabatic wind:","True","False","","","B) False","VERIFIED","Katabatic winds are generally the stronger of the two."
"met-6 Wind","20","Katabatic wind is a downslope cold wind caused by nocturnal cooling:","True","False","","","A) True","VERIFIED","Correct — radiational cooling drains cold dense air downslope."
"met-6 Wind","21","Katabatic wind is due to air sinking down the hill slope:","True","False","","","A) True","VERIFIED","Correct."
"met-6 Wind","22","Anabatic wind is due to a downward movement of air along a valley:","True","False","","","B) False","VERIFIED","False — anabatic air moves UP-slope."
"met-6 Wind","23","A sea breeze is stronger than a land breeze:","True","False","","","A) True","VERIFIED","The daytime land-sea temperature contrast is greater."
"met-6 Wind","24","The wind blows clockwise around a low in the Northern Hemisphere:","True","False","","","B) False","VERIFIED","NH lows are anticlockwise."
"met-6 Wind","25","The wind blows clockwise around a low in the Southern Hemisphere:","True","False","","","A) True","VERIFIED","SH lows are clockwise."
"met-6 Wind","26","The wind blows anticlockwise around a low in the Northern Hemisphere:","True","False","","","A) True","VERIFIED","Correct for NH lows."
"met-6 Wind","27","The wind blows anticlockwise around a low in the Southern Hemisphere:","True","False","","","B) False","VERIFIED","False — SH lows are clockwise."
"met-6 Wind","28","The wind under the combined influence of pressure-gradient, Coriolis and centrifugal (cyclostrophic) forces is the:","Gradient wind","Geostrophic wind","Cyclostrophic wind","","A) Gradient wind","VERIFIED","The gradient wind accounts for curved flow."
"met-6 Wind","29","From day to night for a fixed isobaric pattern (NH), the surface wind:","Backs and weakens","Veers and strengthens","","","A) Backs and weakens","VERIFIED","At night reduced mixing → surface wind backs and weakens (NH)."
"met-6 Wind","30","Winds spiralling inward anticlockwise in the NH are associated with a:","Turbulence zone","High-pressure area","Low-pressure area","","C) Low-pressure area","VERIFIED","Inward anticlockwise spiral (NH) = low pressure."
"met-6 Wind","31","Lower-level wind 050/10 kt, upper-level wind 230/05 kt. The thermal wind is:","050/05 kt","230/15 kt","050/15 kt","","B) 230/15 kt","VERIFIED","Directions are opposite; thermal wind = 230/(10+5) = 230/15 kt."
"met-6 Wind","32","A change in wind direction from 310° to 020° is:","Backing","Veering","","","B) Veering","VERIFIED","Clockwise change = veering."
"met-6 Wind","33","A change in wind direction from 270° to 250° is:","Backing","Veering","","","A) Backing","VERIFIED","Anticlockwise change = backing."
"met-6 Wind","34","A change in wind speed from 10 kt to 30 kt and back to 15 kt is a:","Gust","Squall","Gale","","A) Gust","VERIFIED","A brief peak then drop = a gust."
"met-6 Wind","35","A rise in wind speed from 10 kt to 30 kt sustained for 2–3 minutes is a:","Squall","Gust","","","A) Squall","VERIFIED","A sustained increase = a squall."
"met-6 Wind","36","Significant wind shear can be associated with a thunderstorm or line squall:","False","True","","","B) True","VERIFIED","Correct — gust fronts/outflows cause strong shear."
"met-6 Wind","37","The cyclostrophic wind gives a good approximation of the 2000 ft wind in an intense tropical storm:","True","False","","","A) True","VERIFIED","In intense, tightly-curved systems the centrifugal term dominates."
"met-6 Wind","38","Rotor clouds indicate extremely turbulent flying conditions:","False","True","","","B) True","VERIFIED","Rotor zones (mountain waves) are severely turbulent."
"met-6 Wind","39","Friction makes the wind cross the isobars by about ____ over land and ____ over sea:","20° / 10°","20° / 30°","40° / 30°","","A) 20° / 10°","VERIFIED","Greater friction over land (~20–30°) than sea (~10°)."
"met-6 Wind","40","If the south is warmer than the north at every level (NH), the ____ wind strengthens with height without changing direction:","Easterly","Westerly","Southerly","Northerly","B) Westerly","VERIFIED","Warm south / cold north → thermal wind westerly → upper westerlies strengthen."
"met-6 Wind","41","In an anticyclone, the gradient wind relative to the geostrophic wind is:","An under-estimate","Accurate","An over-estimate","","C) An over-estimate","VERIFIED","Gradient wind is supergeostrophic (stronger) in an anticyclone."
"met-6 Wind","42","A gale is:","Winds ≥44 kt with a thunderstorm","A brief increase lasting minutes with a CB/dust storm","Persistent strong winds exceeding 33 kt, associated with a depression","","C) Persistent strong winds exceeding 33 kt, associated with a depression","VERIFIED","Gale = sustained wind ≥ 34 kt."
"met-6 Wind","43","In the NH the thermal wind blows parallel to the ____ with the lower values (cold) on its left:","Isobars","Isotherms","Isallobars","","B) Isotherms","VERIFIED","Thermal wind is parallel to the thickness lines/isotherms, cold on the left (NH)."
"met-6 Wind","44","Inertial flow is:","Cyclonic in both hemispheres","Anticyclonic in both hemispheres","Anticyclonic only around an anticyclone","","B) Anticyclonic in both hemispheres","VERIFIED","Inertial oscillation is anticyclonic in both hemispheres."
"met-7 Visibility & Fog","1","Fog is reported when visibility is reduced to:","Less than 1000 m","Exactly 1000 m","1000 to 2000 m","","A) Less than 1000 m","VERIFIED","Fog = visibility below 1000 m."
"met-7 Visibility & Fog","2","RVR is reported when the visibility falls below:","500 m","1000 m","1500 m","","C) 1500 m","VERIFIED","RVR is assessed/reported when visibility is below 1500 m."
"met-7 Visibility & Fog","3","Radiation fog forms:","Over land","Over sea","During the day","","A) Over land","VERIFIED","Radiation fog forms over land by night-time cooling."
"met-7 Visibility & Fog","4","When visibility is between 5000 m and 1000 m with RH near 100%, the phenomenon is:","Mist","Haze","Fog","","A) Mist","VERIFIED","Mist = reduced visibility (1–5 km) with high humidity; haze is dry."
"met-7 Visibility & Fog","5","Radiation fog forms over North India mainly during:","May–June","December–February","October–November","","B) December–February","VERIFIED","Winter (Dec–Feb) gives the long cold nights needed."
"met-7 Visibility & Fog","6","Warm, moist air moving over cold ground gives rise to:","Thunder clouds","Fog and stratus","Frontal clouds","","B) Fog and stratus","VERIFIED","Cooling from below saturates the air → fog/stratus."
"met-7 Visibility & Fog","7","Warm, moist air moving over a cold surface causes:","Radiation fog","Advection fog","Frontal fog","","B) Advection fog","VERIFIED","Horizontal transport of warm moist air over a cold surface = advection fog."
"met-7 Visibility & Fog","8","Radiation fog forms due to:","Daytime heating of the earth","Radiational cooling of the earth at night","Advection of cold air","","B) Radiational cooling of the earth at night","VERIFIED","Night-time long-wave cooling of the ground."
"met-7 Visibility & Fog","9","Radiation-fog activity increases after the passage of a:","Western Disturbance","Depression","Col","","A) Western Disturbance","VERIFIED","Clearing skies + residual moisture behind a WD favour radiation fog."
"met-7 Visibility & Fog","10","Radiation fog is essentially a ____ phenomenon:","Nocturnal","Dusk","Daytime","","A) Nocturnal","VERIFIED","It forms overnight and clears after sunrise."
"met-7 Visibility & Fog","11","Radiation fog forms over:","Water","Land","Both equally","","B) Land","VERIFIED","Land cools rapidly at night; the sea does not."
"met-7 Visibility & Fog","12","The fog formed by horizontal movement of warm moist air over a cold surface is:","Radiation","Advection","Frontal","","B) Advection","VERIFIED","Advection fog."
"met-7 Visibility & Fog","13","Advection fog forms during:","Night only","Daytime only","Any time of day or night","","C) Any time of day or night","VERIFIED","It depends on air movement, not on time of day."
"met-7 Visibility & Fog","14","Radiation fog requires:","Moisture, cloudy sky, no wind","Moisture, clear sky, light wind","Moisture, cloudy sky, strong wind","","B) Moisture, clear sky, light wind","VERIFIED","Clear sky (for cooling), moisture, and light wind (gentle mixing)."
"met-7 Visibility & Fog","15","The instrument used to measure visibility is the:","Visiometer","Transmissometer","Ceilometer","","B) Transmissometer","VERIFIED","A transmissometer measures visibility/RVR; a ceilometer measures cloud base."
"met-7 Visibility & Fog","16","Advection fog forms:","Over sea only","Over land only","Both over land and sea","","C) Both over land and sea","VERIFIED","Advection fog can occur over either surface."
"met-7 Visibility & Fog","17","Fog is essentially ____ cloud on the ground:","Stratocumulus","Stratus","Nimbostratus","","B) Stratus","VERIFIED","Fog is stratus cloud at the surface."
"met-7 Visibility & Fog","18","Frontal fog is most common with a:","Western Disturbance","Cyclone","Warm front","Cold front","C) Warm front","VERIFIED","Rain evaporating into cold air ahead of a warm front → frontal fog."
"met-7 Visibility & Fog","19","The pressure system most favourable for fog formation is:","Lows and cols","Highs and troughs","Lows and ridges","Highs and cols","D) Highs and cols","VERIFIED","Highs and cols give the light winds and clear skies fog needs."
"met-7 Visibility & Fog","20","The temperature structure that favours fog formation is an:","Isothermal layer","Adiabatic layer","Inversion","SALR layer","C) Inversion","VERIFIED","A surface inversion traps moisture and cooling near the ground."
"met-8 Clouds/Stability","1","Drizzle falls from:","Cirrostratus (CS)","Stratus (ST)","Nimbostratus (NS)","Cumulus (CU)","B) Stratus (ST)","VERIFIED","Drizzle falls from stratus."
"met-8 Clouds/Stability","2","Altostratus (AS) is:","A low sheet cloud","A medium-level sheet cloud","A cloud of large vertical growth","A high sheet cloud","B) A medium-level sheet cloud","TEXT-FIX","AS is a medium (mid-level) sheet cloud. (Garbled first option cleaned.)"
"met-8 Clouds/Stability","3","Showers fall from:","Cumulus (CU)","Cumulonimbus (CB)","Altostratus (AS)","Altocumulus (AC)","B) Cumulonimbus (CB)","VERIFIED","Showery precipitation comes from convective CB/CU; CB gives the classic shower."
"met-8 Clouds/Stability","4","Heavy (severe) airframe icing is most likely in:","Cirrus (CI)","Cirrostratus (CS)","Stratus (ST)","Cumulonimbus (CB)","D) Cumulonimbus (CB)","VERIFIED","CB holds large supercooled droplets → severe icing."
"met-8 Clouds/Stability","5","To avoid icing, a pilot should prefer a cloud showing which optical phenomenon?","Halo","Corona","Iridescence (multicoloured cloud)","","A) Halo","VERIFIED","A halo means ice crystals (already frozen) → low icing; corona/iridescence means supercooled water."
"met-8 Clouds/Stability","6","The dark-grey cloud giving continuous rain is:","Altostratus (AS)","Nimbostratus (NS)","Stratus (ST)","Cumulonimbus (CB)","B) Nimbostratus (NS)","VERIFIED","Nimbostratus gives continuous rain."
"met-8 Clouds/Stability","7","A uniform layer of cloud resembling fog but not touching the ground is:","Altostratus (AS)","Nimbostratus (NS)","Stratus (ST)","","C) Stratus (ST)","VERIFIED","Stratus is fog-like layer cloud lifted off the surface."
"met-8 Clouds/Stability","8","The feathery cloud composed of ice crystals is:","Cirrus (CI)","Cirrostratus (CS)","Altostratus (AS)","","A) Cirrus (CI)","VERIFIED","Cirrus — high, feathery, ice-crystal cloud."
"met-8 Clouds/Stability","9","Nimbostratus (NS) cloud occurs at a:","Cold front","Warm front","","","B) Warm front","VERIFIED","NS is associated with the gentle uplift of a warm front."
"met-8 Clouds/Stability","10","A halo is associated with which cloud?","Altocumulus (AC)","Altostratus (AS)","Cirrostratus (CS)","Cirrus (CI)","C) Cirrostratus (CS)","VERIFIED","Halo forms in cirrostratus (ice crystals)."
"met-8 Clouds/Stability","11","A corona is associated with which cloud?","Altostratus (AS)","Altocumulus (AC)","Cirrocumulus (CC)","Cirrostratus (CS)","B) Altocumulus (AC)","VERIFIED","Corona forms in thin water-droplet cloud such as altocumulus."
"met-8 Clouds/Stability","12","Lenticular clouds indicate the presence of:","A warm front","A cold front","Mountain waves","","C) Mountain waves","VERIFIED","Lenticular (wave) clouds mark standing mountain waves."
"met-8 Clouds/Stability","13","The lowest level below which condensation (contrails) will NOT form is the:","Mintra level","Drytra level","Maxtra level","","A) Mintra level","VERIFIED","Mintra = minimum trail level."
"met-8 Clouds/Stability","14","Rain falling from a cloud but not reaching the ground is:","Virgo","Virga","Mirage","","B) Virga","VERIFIED","Virga = precipitation evaporating before reaching the surface."
"met-8 Clouds/Stability","15","A cumulonimbus with a distinct anvil is:","Castellanus","Capillatus","Uncinus","","B) Capillatus","VERIFIED","CB capillatus (incus) has the fibrous anvil top."
"met-8 Clouds/Stability","16","The cloud ceiling is the height of the lowest cloud covering:","3–4 oktas","8 oktas","5 oktas or more","","C) 5 oktas or more","VERIFIED","Ceiling = lowest broken/overcast layer (≥5 oktas)."
"met-8 Clouds/Stability","17","Condensation trails do NOT form above the:","Maxtra level","Drytra level","Mintra level","","A) Maxtra level","VERIFIED","Maxtra = maximum trail level."
"met-8 Clouds/Stability","18","A cloud is of operational significance when its base is below ____ m, or below the highest minimum sector altitude, whichever is greater:","1500","2000","1000","","A) 1500","VERIFIED","1500 m (5000 ft) is the operational-significance threshold."
"met-8 Clouds/Stability","19","Altocumulus with cumuliform protuberances (castellanus/floccus) indicates:","Stability","Instability","Neutrality","","B) Instability","VERIFIED","AC castellanus signals mid-level instability."
"met-8 Clouds/Stability","20","Hail may be experienced under the anvil of a CB:","True","False","","","A) True","VERIFIED","Hail can be thrown out and fall from beneath the anvil."
"met-8 Clouds/Stability","21","If DALR = 9.8°C/km and ELR = 6.8°C/km, the (dry) atmosphere is:","Stable","Unstable","Indifferent","","A) Stable","VERIFIED","ELR < DALR → stable for unsaturated air."
"met-8 Clouds/Stability","22","If SALR = 5.5°C/km and ELR = 4.5°C/km, the (saturated) atmosphere is:","Unstable","Stable","Indifferent","","B) Stable","VERIFIED","ELR < SALR → absolutely stable."
"met-8 Clouds/Stability","23","When DALR > ELR > SALR, the atmosphere is:","Conditionally unstable","Latently stable","Potentially stable","","A) Conditionally unstable","CORRECTED","SALR < ELR < DALR is 'conditional instability' (stable if dry, unstable if saturated). Corrected the term from 'conditionally stable'."
"met-8 Clouds/Stability","24","Unsaturated (dry) air is unstable when:","ELR = DALR","ELR > DALR","ELR < DALR","","B) ELR > DALR","VERIFIED","ELR steeper than the DALR → dry instability."
"met-8 Clouds/Stability","25","Saturated air is unstable when:","SALR = ELR","ELR > SALR","ELR < SALR","","B) ELR > SALR","VERIFIED","ELR steeper than SALR → saturated instability."
"met-8 Clouds/Stability","26","If ELR = SALR = DALR, the atmosphere is:","Stable","Unstable","Indifferent (neutral)","","C) Indifferent (neutral)","VERIFIED","All rates equal → neutral/indifferent."
"met-8 Clouds/Stability","27","The DALR is:","The rate at which an unsaturated parcel cools as it ascends","The rate at which temperature falls with height in the environment","The rate at which a saturated ascending parcel cools","","A) The rate at which an unsaturated parcel cools as it ascends","VERIFIED","DALR = cooling rate of a rising unsaturated parcel (≈9.8°C/km)."
"met-8 Clouds/Stability","28","Surface temperature is 30°C. Using the DALR, the temperature at 2 km is:","18°C","10°C","42°C","","B) 10°C","VERIFIED","30 − 2×10 = 10°C."
"met-8 Clouds/Stability","29","An isothermal atmosphere is:","Stable","Unstable","Neutral","","A) Stable","VERIFIED","Isothermal (and inversion) layers are very stable."
"met-8 Clouds/Stability","30","If the ELR is less than the SALR, the atmosphere is:","Absolutely unstable","Conditionally stable","Absolutely stable","","C) Absolutely stable","VERIFIED","ELR < SALR (and < DALR) → absolutely stable."
"met-8 Clouds/Stability","31","The DALR is approximately:","5°C/km","15°C/km","10°C/km","","C) 10°C/km","VERIFIED","≈9.8 ≈ 10°C/km."
"met-8 Clouds/Stability","32","The SALR near mean sea level is about:","10°C/km","5°C/km","5°F/km","","B) 5°C/km","VERIFIED","≈4–5°C/km at MSL (moisture-dependent)."
"met-8 Clouds/Stability","33","The SALR approaches the DALR:","At 0°C","At 15°F","At about −40°C","","C) At about −40°C","VERIFIED","At very cold temperatures little latent heat is released, so SALR → DALR."
"met-8 Clouds/Stability","34","Dry air at 35°C forced to rise 1 km adiabatically attains:","29°C","25°C","45°C","","B) 25°C","VERIFIED","35 − 10 = 25°C (DALR)."
"met-8 Clouds/Stability","35","An inversion in the atmosphere indicates:","Stability","Instability","Neutrality","","A) Stability","VERIFIED","An inversion is extremely stable."
"met-8 Clouds/Stability","36","An inversion is a ____ lapse rate:","Positive","Negative","Neutral","","B) Negative","VERIFIED","Temperature rising with height = negative lapse rate."
"met-8 Clouds/Stability","37","The ELR can be greater than the DALR:","True","False","","","A) True","VERIFIED","A superadiabatic ELR occurs over strongly heated surfaces."
"met-8 Clouds/Stability","38","The process that largely determines the vertical temperature distribution of the atmosphere is:","Adiabatic","Isothermal","Isentropic","","A) Adiabatic","VERIFIED","Adiabatic ascent/descent of air governs the vertical temperature profile."
"met-8 Clouds/Stability","39","A rise of temperature with height is called:","An inversion","A lapse","Normal","","A) An inversion","VERIFIED","Inversion = temperature increasing with height."
"met-8 Clouds/Stability","40","Inversions are most common in:","Post-monsoon","Monsoon","Winter","","C) Winter","VERIFIED","Long clear winter nights favour radiation inversions."
"met-10 Optical Phenomena","1","The Aurora Australis occurs in the:","Southern Hemisphere","Northern Hemisphere","Equatorial region","","A) Southern Hemisphere","VERIFIED","Aurora Australis = southern polar aurora."
"met-10 Optical Phenomena","2","The Aurora Australis is called the ____ Lights:","Northern","Southern","Temperate","","B) Southern","VERIFIED","'Southern Lights'."
"met-10 Optical Phenomena","3","The Aurora Borealis occurs in the:","Southern Hemisphere","Northern Hemisphere","Equatorial region","","B) Northern Hemisphere","VERIFIED","Aurora Borealis = northern polar aurora."
"met-10 Optical Phenomena","4","The Aurora Borealis is called the ____ Lights:","Northern","Southern","Temperate","","A) Northern","VERIFIED","'Northern Lights'."
"met-10 Optical Phenomena","5","A corona occurs in ____ cloud:","Altostratus (AS)","Nimbostratus (NS)","Cirrostratus (CS)","","A) Altostratus (AS)","VERIFIED","Corona forms in thin water-droplet cloud (AS/AC); CS gives a halo."
"met-10 Optical Phenomena","6","Bishop's ring is caused by diffraction of light by fine particles of:","Water","Dust","Ice","","B) Dust","VERIFIED","Bishop's ring is produced by fine volcanic dust."
"met-10 Optical Phenomena","7","A superior mirage occurs with a marked:","Lapse","Isothermal layer","Inversion","","C) Inversion","VERIFIED","Superior mirage (image above object) forms in a temperature inversion."
"met-10 Optical Phenomena","8","An inferior mirage occurs when there is a marked:","Lapse (steep)","Isothermal layer","Inversion","","A) Lapse (steep)","VERIFIED","Inferior mirage (image below) forms over a strongly heated surface (steep lapse)."
"met-10 Optical Phenomena","9","A corona is formed by ____ of light:","Refraction","Diffraction","Scattering","","B) Diffraction","VERIFIED","Corona = diffraction by small droplets."
"met-10 Optical Phenomena","10","A corona forms when light passes through:","Mist only","Fog only","Small water/ice particles only","Any of these","D) Any of these","VERIFIED","Any small droplets/particles (mist, fog, thin cloud) can produce a corona."
"met-10 Optical Phenomena","11","A halo is produced by:","Refraction","Diffraction","Scattering","","A) Refraction","VERIFIED","Halo = refraction through ice crystals."
"met-10 Optical Phenomena","12","A halo is produced when light passes through:","Water particles","Ice crystals","Both","","B) Ice crystals","VERIFIED","Halo requires ice crystals."
"met-10 Optical Phenomena","13","A halo occurs in which cloud?","Altostratus (AS)","Nimbostratus (NS)","Cirrostratus (CS)","","C) Cirrostratus (CS)","VERIFIED","Halo forms in cirrostratus."
"met-10 Optical Phenomena","14","A (common) halo is a luminous ring of radius:","32°","22°","42°","","B) 22°","VERIFIED","The common halo has a 22° radius."
"met-10 Optical Phenomena","15","A halo signifies a predominance in the cloud of:","Supercooled water drops","Ice crystals","Both","","B) Ice crystals","VERIFIED","Halo indicates ice crystals."
"met-10 Optical Phenomena","16","The cloud that causes a halo carries ____ risk of ice accretion:","Negligible","Maximum","Medium","","A) Negligible","VERIFIED","Ice-crystal cloud (already frozen) gives negligible airframe icing."
"met-10 Optical Phenomena","17","A halo occurs from ____ cloud:","Low","Medium","High","","C) High","VERIFIED","Cirrostratus is a high cloud."
"met-10 Optical Phenomena","18","The radius of Bishop's ring is about:","32°","22°","42°","","B) 22°","VERIFIED","Bishop's ring has a radius of about 22°."
"met-10 Optical Phenomena","19","A 22° halo around the sun shows a pure clear colour on its outer edge that is:","Red","Yellow","Violet","","C) Violet","VERIFIED","In a 22° halo the inner edge is red and the outer edge is bluish/violet."
"met-10 Optical Phenomena","20","The 'large halo' sometimes observed has a radius of about:","32°","46°","22°","","B) 46°","VERIFIED","The large halo has a radius of about 46°."
"met-9 Stability","1","DALR = 9.8°C, ELR = 6.8°C — atmosphere is","stable","unstable","","","A) stable","VERIFIED","ELR less than DALR for dry air means stable"
"met-9 Stability","2","SALR = 5.5°C, ELR = 4.5°C — atmosphere is","unstable","stable","indifferent","","B) stable","VERIFIED","For saturated air ELR below SALR means stable"
"met-9 Stability","3","DALR > ELR > SALR is","conditionally unstable","latently stable","potentially stable","","A) conditionally unstable","VERIFIED","ELR lies between SALR and DALR: conditional instability"
"met-9 Stability","4","Dry air is unstable when","ELR = DALR","ELR > DALR","ELR < DALR","","B) ELR > DALR","VERIFIED","Dry air unstable when ELR exceeds DALR"
"met-9 Stability","5","The saturated air is said to be unstable if","SALR = ELR","SALR < ELR","SALR > ELR","","B) SALR < ELR","VERIFIED","Saturated air unstable when ELR exceeds SALR"
"met-9 Stability","6","If ELR = SALR = DALR the atmosphere is","Stable","Indifferent","Unstable","","B) Indifferent","VERIFIED","Equal lapse rates give neutral/indifferent equilibrium"
"met-9 Stability","7","Surface temp 30°C. Assuming DALR, temperature at 2 km is","18°C","10°C","42°C","","B) 10°C","VERIFIED","30 minus 10 per km times 2 km equals 10°C"
"met-9 Stability","8","An Isothermal atmosphere is","Stable","Unstable","Neutral","","A) Stable","VERIFIED","Zero ELR is below SALR, hence absolutely stable"
"met-9 Stability","9","If ELR is less than SALR, atmosphere is said to be","Absolutely unstable","Conditionally unstable","Absolutely stable","","C) Absolutely stable","VERIFIED","ELR below SALR gives absolute stability"
"met-9 Stability","10","DALR is approximately","5°C/km","15°C/km","10°C/km","","C) 10°C/km","VERIFIED","Dry adiabatic lapse rate is about 9.8°C per km"
"met-9 Stability","11","SALR at mean sea level is about","10°C/km","5°C/km","5°F/km","","B) 5°C/km","VERIFIED","Saturated adiabatic lapse rate near MSL is about 5°C per km"
"met-9 Stability","12","SALR approaches DALR","at −15°C","at −40°C","","","B) at −40°C","VERIFIED","At very low temperatures little moisture remains, SALR nears DALR near -40°C"
"met-9 Stability","13","Dry air having a temp of 35°C on surface when forced to rise adiabatically by 1 km would attain a temp of","29°C","25°C","45°C","","B) 25°C","VERIFIED","35 minus about 10 per km cooling gives roughly 25°C"
"met-9 Stability","14","Inversion in the atmosphere indicates","Stability","Instability","Neutrality","","A) Stability","VERIFIED","Temperature increase with height suppresses vertical motion, very stable"
"met-9 Stability","15","Environmental LR can be more than DALR","True","False","","","A) True","VERIFIED","Superadiabatic ELR occurs over strongly heated surfaces"
"met-9 Stability","16","The process which to a large extent determines the vertical distribution of temperature in atmosphere is","Adiabatic","Isothermal","Isentropic","","A) Adiabatic","VERIFIED","Adiabatic processes govern vertical temperature structure"
"met-9 Stability","17","Rise in temperature with height is","Lapse","Normal","Inversion","","C) Inversion","VERIFIED","Temperature rising with height defines an inversion"
"met-9 Stability","18","Inversion is common in","Post Monsoon","Monsoon","Winters","","C) Winters","VERIFIED","Nocturnal radiation inversions are most frequent in winter"
"met-11 Precipitation","1","When super cooled water drops and ice particles co-exist, the ice crystals grow at the expense of the water drops because","Saturation vapour pressure over ice crystals is less than over water drops","Saturation vapour pressure over the ice crystals is less than over the water drops","The ice crystals convert into water drops","","A) Saturation vapour pressure over ice crystals is less than over water drops","VERIFIED","Bergeron process: saturation vapour pressure is lower over ice than over supercooled water."
"met-11 Precipitation","2","The clouds whose tops extend to the freezing level are called","Warm Clouds","Cold Clouds","Moderate Clouds","","B) Cold Clouds","VERIFIED","Clouds reaching/exceeding the 0 C level are classed as cold clouds."
"met-11 Precipitation","3","The clouds whose tops do not extend to the freezing level are called","Warm Clouds","Cold Clouds","Moderate Clouds","","A) Warm Clouds","VERIFIED","Clouds entirely below the 0 C level are warm clouds."
"met-11 Precipitation","4","Coalescence Theory explains occurrence of rainfall from","Warm Clouds","Cold Clouds","Both types of Clouds","","A) Warm Clouds","VERIFIED","Collision-coalescence produces rain in warm (above-freezing) clouds."
"met-11 Precipitation","5","Ice crystal Theory explains occurrence of rainfall from","Warm Clouds","Cold Clouds","Both types of Clouds","","B) Cold Clouds","VERIFIED","Ice-crystal (Bergeron) mechanism operates in cold clouds containing ice."
"met-11 Precipitation","6","Giant Nucleus Theory explains occurrence of rainfall over","Maritime areas","Inland areas","Hilly areas","","A) Maritime areas","VERIFIED","Large sea-salt (giant) nuclei are abundant over maritime areas."
"met-11 Precipitation","7","Very heavy precipitation as showers over an area above the mountain range is called","Maritime areas","Inland areas","Orographic Rain","","C) Orographic Rain","VERIFIED","Rain from air forced up a mountain barrier is orographic rain."
"met-11 Precipitation","8","Rain shadow area is on the ......... of the mountain range","Top","Windward side","Leeward side","","C) Leeward side","VERIFIED","The dry rain-shadow lies on the leeward side of the range."
"met-11 Precipitation","9","Sleet is a mixture of","Hail & Snow","Rain & Snow","Frozen Rain","","B) Rain & Snow","VERIFIED","Sleet is precipitation that is a mixture of rain and snow."
"met-11 Precipitation","10","Rainfall in the tropics is more in","Winters","Summers","Post monsoon","","B) Summers","VERIFIED","Tropical convective rainfall peaks in the summer season."
"met-11 Precipitation","11","Rainfall in the tropics is more in the","Morning","Afternoon","Night","","B) Afternoon","VERIFIED","Daytime heating drives afternoon convective rainfall in the tropics."
"met-11 Precipitation","12","Rainfall in the temperate latitudes is more in","Winters","Summers","Spring","","A) Winters","VERIFIED","Temperate rainfall peaks in winter due to frontal/cyclonic activity."
"met-11 Precipitation","13","Over J&K and western Himalayas Rainfall is more in","Winters","Summers","Post monsoon","","A) Winters","VERIFIED","Western Disturbances bring winter precipitation to J&K and the western Himalayas."
"met-11 Precipitation","14","Rainfall over coastal areas is more in","Evening","Night & early morning","Afternoon","","B) Night & early morning","VERIFIED","Land-breeze convergence favours night/early-morning rain over coasts."
"met-11 Precipitation","15","Areas to the ......... of Western Ghats of India are rain shadow areas","W","S","E","","C) E","VERIFIED","The leeward (eastern) side of the Western Ghats is the rain-shadow region."
"met-11 Precipitation","16","A sudden rise in the level of rivers or streams causing floods is called","Cloud Burst","Catchments flooding","Flash Floods","","C) Flash Floods","VERIFIED","A sudden rapid rise of water level is termed a flash flood."
"met-11 Precipitation","17","Artificial rain making is also termed as","Simulation","Cloud seeding","Nucleation","","B) Cloud seeding","CORRECTED","Artificial rainmaking is called cloud seeding, not nucleation."
"met-11 Precipitation","18","Fog can also be dispersed for a short period by artificial stimulation","True","False","","","A) True","VERIFIED","Fog can be temporarily dispersed by artificial (seeding/heating) methods."
"met-11 Precipitation","19","Showery precipitation occurs from","NS","AC","CB","","C) CB","VERIFIED","Showers fall from convective cumulonimbus (CB) clouds."
"met-11 Precipitation","20","A day is called Rainy day when rainfall in 24 hr is ......... mm or more","1.5","2","2.5","","C) 2.5","VERIFIED","A rainy day is defined as 2.5 mm or more of rain in 24 hours."
"met-11 Precipitation","21","The clouds whose tops extend well above the freezing level are called","Warm Clouds","Cold Clouds","Moderate Clouds","","B) Cold Clouds","VERIFIED","Clouds extending well above the 0 C level are cold clouds."
"met-11 Precipitation","22","Coalescence Theory explains occurrence of rainfall from the","Warm Clouds","Cold Clouds","Both types of Clouds","","A) Warm Clouds","TEXT-FIX","Coalescence produces rain in warm clouds; repaired split word 'th e'."
"met-11 Precipitation","23","Ice crystal Theory explains occurrence of rainfall from the","Warm Clouds","Cold Clouds","Both types of Clouds","","B) Cold Clouds","TEXT-FIX","Ice-crystal mechanism produces rain in cold clouds; repaired split word 'th e'."
"met-11 Precipitation","24","Very heavy precipitation as showers over a short period is called","Flash floods","Cloud Burst","Orographic Rain","","B) Cloud Burst","VERIFIED","Very heavy shower over a short time/small area is a cloud burst."
"met-11 Precipitation","25","Rainfall over coastal areas is more in the","Evening","Afternoon","Night & early morning","","C) Night & early morning","VERIFIED","Coastal rain is favoured at night and early morning by land-breeze convergence."
"met-12 Ice Accretion","1","Hoar frost occurs on airframe in clear air when the temperature of airframe is","below the frost point","frost point","just above the frost point","","A) below the frost point","VERIFIED","Hoar frost forms by deposition only when the surface is below the frost point."
"met-12 Ice Accretion","2","In clouds at temperatures below 0°C an aircraft may encounter icing of the type","only Glazed","only Rime","intermediate between these two","","C) intermediate between these two","VERIFIED","Below 0°C icing is typically mixed, intermediate between rime and glaze."
"met-12 Ice Accretion","3","Opaque Rime ice is","Light porous","Solid","Mixture of porous and solid","","A) Light porous","VERIFIED","Rime is white, opaque, light and porous due to trapped air."
"met-12 Ice Accretion","4","Rime is formed by freezing of ……… supercooled water droplets on airframe when aircraft is flying through clouds","Small","Large","Medium","","A) Small","VERIFIED","Small droplets freeze instantly on impact, trapping air to give rime."
"met-12 Ice Accretion","5","Glazed ice is formed by freezing of ……… supercooled water droplets on airframe when aircraft is flying through clouds","Small","Large","Medium","","B) Large","VERIFIED","Large droplets spread before freezing, producing clear glaze ice."
"met-12 Ice Accretion","6","The ……… ice poses serious aviation hazard","Rime","Hoar Frost","Glazed","","C) Glazed","VERIFIED","Glaze/clear ice is hard, heavy and adheres strongly, the greatest hazard."
"met-12 Ice Accretion","7","Airframe icing occurs below 0°C. Its probability of occurrence decreases progressively below −20°C as at lower temperatures the proportion of supercooled water drops in a cloud","Increases","Decreases","Does not change","","B) Decreases","VERIFIED","Below −20°C droplets increasingly freeze to ice crystals, reducing supercooled water."
"met-12 Ice Accretion","8","Ci, Cs and CC clouds consist mostly of ice crystals. Icing hazard is therefore","Maximum","Medium","Negligible","","C) Negligible","VERIFIED","High ice clouds hold almost no supercooled water, so icing is negligible."
"met-12 Ice Accretion","9","As, NS consist of supercooled water drops and ice crystals in varying proportion ……… icing is possible","Maximum","Light or moderate","Negligible","","B) Light or moderate","VERIFIED","Mixed-phase middle clouds give light to moderate icing."
"met-12 Ice Accretion","10","In AC clouds ……… icing is possible in mountainous areas","Light","Moderate","Severe","","C) Severe","VERIFIED","Orographic lift in mountains raises water content, giving severe icing in Ac."
"met-12 Ice Accretion","11","In TCU icing may range from light to severe type at least up to ……… level","−40°C level","−30°C level","−20°C level","","C) −20°C level","VERIFIED","Towering cumulus carry significant supercooled water to the −20°C level."
"met-12 Ice Accretion","12","In CB icing may range from light to severe type up to −20°C level. Below this temperature severe icing is","not significant","significant","maximum","","A) not significant","VERIFIED","Below −20°C the cloud is largely glaciated, so severe icing is not significant."
"met-12 Ice Accretion","13","Liquid water content is an important factor in icing. As the maximum water concentration is around ……… maximum ice formation in clouds may also be expected around that level","−25°C level","−20°C level","−15°C level","","A) −25°C level","VERIFIED","Keyed teaching value for peak water concentration and ice formation is the −25°C level."
"met-12 Ice Accretion","14","Carburetor icing occurs when air from intake passes through a ventury (choke) and causes expansional cooling and vaporization of fuel. Serious icing can occur at extreme temperatures","13°C","30°C to −10°C","20°C","","B) 30°C to −10°C","VERIFIED","Venturi cooling and fuel vaporisation cause serious carb icing across roughly +30°C to −10°C."
"met-12 Ice Accretion","15","……… occurs in a moist cloudless air on an aircraft surface having temp. below 0°C, due to sublimation of water vapour onto feathery ice crystals","Rime","Glazed","Hoar Frost","","C) Hoar Frost","VERIFIED","Deposition of vapour to feathery crystals in clear moist air is hoar frost."
"met-12 Ice Accretion","16","……… occurs in St, Sc, Ac, Cu, Ns at temperature −10 to −40°C and in Cb at temperature −20 to −40°C","Rime","Glazed","Hoar Frost","","A) Rime","VERIFIED","Small-droplet freezing at these colder temperatures gives rime."
"met-12 Ice Accretion","17","In clouds ……… occurs when a wide range of water drop sizes are present at temperatures between 0°C and −40°C","Rime","Glazed and clear ice","Mixture of rime and clear ice","","C) Mixture of rime and clear ice","VERIFIED","A wide spectrum of drop sizes yields a mixture of rime and clear ice."
"met-12 Ice Accretion","18","……… occurs in AS, NS, AC and towering CU or CB between 0°C and −20°C, in warm front below 0°C, if the aircraft has rapidly descended from a colder region","Glazed","Rime","Mixture of Rime and Clear ice","","C) Mixture of Rime and Clear ice","VERIFIED","Mixed drop sizes in these clouds/warm-front descent produce a mixture of rime and clear ice."
"met-12 Ice Accretion","19","When fog freezes on parked aircraft it produces ………","Hoar Frost","Rime","Clear ice","","B) Rime","VERIFIED","Supercooled fog droplets freezing on a parked airframe deposit rime."
"met-12 Ice Accretion","20","Icing ……… the stalling speed appreciably","Decreases","Increases","Does not increase/decrease","","B) Increases","VERIFIED","Ice disrupts airflow and adds weight, raising the stalling speed."
"met-12 Ice Accretion","21","Glazed ice is formed by freezing of ……… supercooled water droplets on airframe when aircraft is flying through clouds","small","Large","medium","","B) Large","TEXT-FIX","Large droplets give glaze ice; fixed OCR typo 'airrame'→'airframe'."
"met-12 Ice Accretion","22","CI, CS and CC clouds consist mostly ice crystals. Icing hazard is therefore","Maximum","Medium","Negligible","","C) Negligible","VERIFIED","Ice-crystal high clouds carry no supercooled water, so icing is negligible."
"met-12 Ice Accretion","23","Carburetor icing occurs when air from intake passes through a venturi (choke) and causes expansional cooling and vaporization of fuel. Serious icing can occur at extreme temperatures","13 °C","30°C to -10°C","20 °C","","B) 30°C to -10°C","VERIFIED","Serious carburettor icing occurs across roughly +30°C to −10°C."
"met-12 Ice Accretion","24","……… occurs in AS, NS, AC and towering CU or CB between 0°C and −20°C, in warm front below 0°C, especially if the aircraft has rapidly descended from a colder region","Glazed","Rime","Mixture of Rime and Clear ice","","C) Mixture of Rime and Clear ice","TEXT-FIX","Fixed OCR: 'SC'→'AC', added minus in '−20°C', option 'Fume'→'Rime'; mixed ice is the keyed answer."
"met-13 Thunderstorm","1","The condition necessary for the formation of a thunderstorm are","Steep lapse rate, strong winds","Shallow lapse rate, adequate supply of moisture","Steep lapse rate, adequate supply of moisture and trigger action","","C) Steep lapse rate, adequate supply of moisture and trigger action","VERIFIED","TS needs instability (steep lapse rate), moisture and a trigger/lifting mechanism."
"met-13 Thunderstorm","2","Hail is most likely to fall from a cloud","Having layers of ice crystals","Composed of ice crystals","Having strong vertical development","","C) Having strong vertical development","VERIFIED","Hail forms in deep clouds with strong vertical currents (CB)."
"met-13 Thunderstorm","3","Norwesters are","The western disturbances which affect NW India","Severe thunderstorms which occur over NE India during hot weather period","Severe thunderstorms which occur over Peninsula during hot weather period","","B) Severe thunderstorms which occur over NE India during hot weather period","VERIFIED","Norwesters are severe pre-monsoon TS over east/northeast India."
"met-13 Thunderstorm","4","Duststorm occurs over NW India during","Post-monsoon","Winter","Pre-Monsoon","","C) Pre-Monsoon","VERIFIED","Dust storms over NW India occur in the hot pre-monsoon season."
"met-13 Thunderstorm","5","A 'mature' thunderstorm has strong","updraft only","downdraft only","updrafts and downdraughts","","C) updrafts and downdraughts","VERIFIED","Mature stage has coexisting up- and down-draughts."
"met-13 Thunderstorm","6","Aircraft icing is most favoured in the cloud at temperatures ranging between","−20°C and −40°C","0°C and −20°C","below −40°C","","B) 0°C and −20°C","VERIFIED","Supercooled water most abundant between 0 and −20°C, giving worst icing."
"met-13 Thunderstorm","7","A short duration, showery precipitation is associated with","ST","AS","CB","","C) CB","VERIFIED","Showers come from convective cumulonimbus (CB)."
"met-13 Thunderstorm","8","The most hazardous cloud for aviation is","CB","CU","NS","","A) CB","VERIFIED","Cumulonimbus contains turbulence, hail, icing and lightning."
"met-13 Thunderstorm","9","The life of a Cb cell is usually","7 to 8 hrs","3 to 4 hrs","2–3 hr","","C) 2–3 hr","VERIFIED","A single CB cell lasts roughly 2–3 hours."
"met-13 Thunderstorm","10","Generally the mature activity of a heat type, TS is for","2 hrs","30 to 45 min","3 to 4 hr","","B) 30 to 45 min","VERIFIED","Peak activity of a heat TS lasts about 30–45 minutes."
"met-13 Thunderstorm","11","Norwesters occur during","Jan–Feb","Mar–May","Jun–Sep","","B) Mar–May","VERIFIED","Norwesters occur in the hot pre-monsoon months March–May."
"met-13 Thunderstorm","12","Norwesters affect","N India","Bengal, Bihar, Orissa and Assam","Central India","","B) Bengal, Bihar, Orissa and Assam","VERIFIED","Norwesters affect the eastern states of Bengal, Bihar, Orissa and Assam."
"met-13 Thunderstorm","13","The trigger action may take place due to","Clear night sky, no wind","Orographic lifting","high pressure","","B) Orographic lifting","VERIFIED","Orographic lifting provides the trigger action for convection."
"met-13 Thunderstorm","14","Norwesters normally occur during","Mornings","Afternoons","Nights","","B) Afternoons","CORRECTED","Convective Norwesters develop with afternoon heating."
"met-13 Thunderstorm","15","Norwesters originates over","Chota-Nagpur hills","Deccan Plato","Khasi hills","","A) Chota-Nagpur hills","CORRECTED","Norwesters originate over the Chota Nagpur plateau region."
"met-13 Thunderstorm","16","Andhi (blinding storms) occur generally over","S India","N India","NE India","","B) N India","VERIFIED","Andhi dust storms occur over north/northwest India."
"met-13 Thunderstorm","17","Wind speed in Light DS is","25 kt","30 kt","up to 21 kt","","C) up to 21 kt","VERIFIED","A light dust storm has winds up to about 21 kt."
"met-13 Thunderstorm","18","The diametre of Microburst is","less than 4 km","less than 2 km","less than 6 km","","A) less than 4 km","VERIFIED","A microburst outflow is less than 4 km across."
"met-13 Thunderstorm","19","The diametre of and Macroburst","<4 km","4 km or more",">8 km","","B) 4 km or more","VERIFIED","A macroburst outflow is 4 km or more across."
"met-13 Thunderstorm","20","For detecting precipitation a Radar wavelength in the range ……… is suitable","30 to 200 mm","400–500 mm","600–700 mm","","A) 30 to 200 mm","CORRECTED","Weather/precipitation radars use centimetric wavelengths, about 30–200 mm."
"met-13 Thunderstorm","21","For airborne radars wavelength generally used","20 mm","40 mm","60 mm","","B) 40 mm","VERIFIED","Airborne weather radar uses a wavelength of about 3–4 cm."
"met-13 Thunderstorm","22","The wavelength of TS detection X band radar is","10 mm","20 mm","30 mm","","C) 30 mm","CORRECTED","X-band wavelength is about 30 mm (3 cm)."
"met-13 Thunderstorm","23","The wavelength of storm detection S band radar is","50 mm","100 mm","200 mm","","B) 100 mm","VERIFIED","S-band wavelength is about 100 mm (10 cm)."
"met-13 Thunderstorm","24","Over plains TS mostly occur during the","afternoon","night","early morning","","A) afternoon","VERIFIED","Over plains, surface heating causes afternoon thunderstorms."
"met-13 Thunderstorm","25","Over valley and foot hills TS generally occur during","afternoon","night & early morning","early morning","","B) night & early morning","VERIFIED","Katabatic/convergence effects give night & early-morning TS in valleys."
"met-13 Thunderstorm","26","Over the sea TS are more frequent","afternoon","night","early morning","","B) night","VERIFIED","Over sea the surface is warmest relative to air at night, favouring nocturnal TS."
"met-13 Thunderstorm","27","The life of Mesoscale Convective Complex is","2-3 hr","3-4 hr","6 to 24 hr","","C) 6 to 24 hr","VERIFIED","An MCC persists for roughly 6 to 24 hours."
"met-13 Thunderstorm","28","Loud peals of thunder, frequent flashes of lightning, moderate or heavy showers accompanied by light wind hail speed 15-40 kt are characteristic of a TS of intensity","Having layers","Moderate TS","Severe TS","","B) Moderate TS","CORRECTED","Winds 15–40 kt with moderate/heavy showers define a moderate thunderstorm."
"met-13 Thunderstorm","29","For a severe TS one of the requirements is strong Wind Shear","Horizontal","Vertical","Slant","","B) Vertical","VERIFIED","Strong vertical wind shear organises and sustains severe TS."
"met-13 Thunderstorm","31","When flying through an active TS, lighting strikes are most likely","Above 5000 ft and under the anvil","In the clear air below the cloud in rain","In the temperature band between +10° and −10°C","","C) In the temperature band between +10° and −10°C","CORRECTED","Lightning strikes to aircraft are most common near the 0°C level, in the +10 to −10°C band."
"met-13 Thunderstorm","32","Hazards of TS to aircraft of a TS Cell include turbulence, lightning, and","Microburst, wind shear and anvil","Icing, microburst and WS","—","","B) Icing, microburst and WS","CORRECTED","Additional TS hazards are icing, microburst and wind shear."
"met-13 Thunderstorm","33","Hail grows as it freezes as it","freezes as it falls","up and down forces in CU cloud","collision with ice crystals","collision with supercooled water drops","D) collision with supercooled water drops","VERIFIED","Hailstones grow by accreting supercooled water drops that freeze on them."
"met-13 Thunderstorm","34","Dust Storm usually occurs over NW India during","Post-monsoon","Winter","Pre-Monsoon","","C) Pre-Monsoon","VERIFIED","Dust storms over NW India occur in the hot pre-monsoon season."
"met-13 Thunderstorm","35","A 'mature' thunderstorm has","updraft only","downdraft only","updrafts and downdrafts","","C) updrafts and downdrafts","VERIFIED","Mature stage has both up- and down-draughts."
"met-13 Thunderstorm","36","Aircraft icing is most favoured in the cloud which have temperatures ranging between","20° C and 40° C","0° C and - 20° C","below 40 ° C","","B) 0° C and - 20° C","VERIFIED","Worst icing occurs between 0°C and −20°C where supercooled water is abundant."
"met-13 Thunderstorm","37","Generally the severest activity of a, heat type, TS is for","2 hrs","30 to 45 min","3 to 4 hr","","B) 30 to 45 min","VERIFIED","Severest activity of a heat TS lasts about 30–45 minutes."
"met-13 Thunderstorm","38","The trigger action may take place due ro","Clear night sky no wind","Orographic lifting","high pressure","","B) Orographic lifting","VERIFIED","Orographic lifting provides trigger action for convection."
"met-13 Thunderstorm","39","The diameter of Microburst is","less than 4 km","less than 2 km","less than 6 km","","A) less than 4 km","VERIFIED","A microburst is less than 4 km in diameter."
"met-13 Thunderstorm","40","The diameter of and Macroburst","< 4 km","4 km or more","> 8 km","","B) 4 km or more","VERIFIED","A macroburst is 4 km or more in diameter."
"met-13 Thunderstorm","41","The life of Mesoscale Convective Complex TS is","6 to 24 hr","3-4 hr","2-3 hr","","A) 6 to 24 hr","VERIFIED","A Mesoscale Convective Complex persists for 6 to 24 hours."
"met-13 Thunderstorm","42","Loud peals of thunder, frequent flashes of lightning, moderate or heavy showers accompanied by light hail with maximum wind speed 15-40 kt is classified as","Light TS","Moderate TS","Severe TS","","B) Moderate TS","TEXT-FIX","Winds 15–40 kt define a moderate TS; '1540 kt' OCR garble repaired to 15–40 kt."
"met-13 Thunderstorm","43","When flying through on active TS, lightning strikes are mostly likely","Above 5000 ft and under the anvil","In the clear air below the cloud in rain","In the temperature band between +10 C and -10 C","At or above 10000 ft","C) In the temperature band between +10 C and -10 C","VERIFIED","Lightning strikes are most likely in the +10 to −10°C band near the freezing level."
"met-13 Thunderstorm","44","Hazards of the mature stage of TS Cell include lighting, turbulence and","Microburst, windshear and anvil","Icing, microburst and WS","Icing, drizzle and microburst","WS, hail and fog","B) Icing, microburst and WS","VERIFIED","Further mature-stage hazards are icing, microburst and wind shear."
"met-13 Thunderstorm","45","Hail grows by","freezing as it leaves the cloud","up and down forces in CU cloud","collision with ice crystals","collision with supercooled water drops","D) collision with supercooled water drops","VERIFIED","Hail grows by collecting and freezing supercooled water drops."
"met-14 Air Masses, Fronts & Western Disturbances","1","The airmass which originates at sea in high latitudes is called","Polar maritime","Tropical continental","Tropical maritime","","A) Polar maritime","VERIFIED","Sea + high latitude = Polar maritime"
"met-14 Air Masses, Fronts & Western Disturbances","2","The airmass which originates over equatorial region is","Warm and dry","Warm and Moist","Cold and dry","","B) Warm and Moist","VERIFIED","Equatorial source = warm and moist"
"met-14 Air Masses, Fronts & Western Disturbances","3","If the advancing cold front is colder than the cool air mass of the warm front, the advancing cold front undercuts and lifts both the warm and cool air masses of the warm front. This is","Warm Occlusion","Cold Occlusion","—","","B) Cold Occlusion","VERIFIED","Colder overtaking air undercutting = cold occlusion"
"met-14 Air Masses, Fronts & Western Disturbances","4","The airmass which originated over land area located in polar region is","Warm and dry","Warm and Moist","Cold and dry","","C) Cold and dry","VERIFIED","Land + polar = cold and dry"
"met-14 Air Masses, Fronts & Western Disturbances","5","If a warm airmass overtakes a cold air mass, it is called","Cold Front","Warm Front","Occluded Front","","B) Warm Front","VERIFIED","Warm air advancing over cold = warm front"
"met-14 Air Masses, Fronts & Western Disturbances","6","At warm front","Warm air overtakes the cold air","Cold air undercuts the warm air","","","A) Warm air overtakes the cold air","VERIFIED","Warm front: warm air rides over retreating cold air"
"met-14 Air Masses, Fronts & Western Disturbances","7","The conditions are always unstable at a","Cold front","Warm front","","","A) Cold front","VERIFIED","Steep cold-front slope forces strong uplift = unstable"
"met-14 Air Masses, Fronts & Western Disturbances","8","Sometimes line squall occurs 100-300 km ahead of a","Warm front","Cold front","","","B) Cold front","VERIFIED","Pre-frontal squall line precedes cold front"
"met-14 Air Masses, Fronts & Western Disturbances","9","Precipitation occurs over a belt of 30–50 km on both sides of front","Cold front","Warm front","","","A) Cold front","VERIFIED","Cold front precipitation is a narrow band"
"met-14 Air Masses, Fronts & Western Disturbances","10","Cold front moves at ... the speed of a warm front moves","Same","Double","Half","","B) Double","VERIFIED","Cold front travels about twice warm-front speed"
"met-14 Air Masses, Fronts & Western Disturbances","11","Line Squalls occur ... of cold front","Ahead","Behind","At the","","A) Ahead","VERIFIED","Squall line runs ahead of the cold front"
"met-14 Air Masses, Fronts & Western Disturbances","13","CB, Roll-type clouds, SC, AC with embedded CB are associated with","Cold Front","Warm front","","","A) Cold Front","VERIFIED","Convective CB/roll cloud belong to cold front"
"met-14 Air Masses, Fronts & Western Disturbances","14","The surface of discontinuity between air at Polar Ely and the temperate Wly is called","Equatorial Front","Tropopause","Polar Front","","C) Polar Front","TEXT-FIX","Polar/temperate air boundary = Polar Front; OCR 'Time'->'Front'"
"met-14 Air Masses, Fronts & Western Disturbances","15","The air mass which originates from sea area located in lower lat is","Warm and Dry","Warm and Moist","Cold and Moist","","B) Warm and Moist","VERIFIED","Air from a low-latitude sea is tropical maritime — warm and moist."
"met-14 Air Masses, Fronts & Western Disturbances","16","WDs approach India as","Cols","Occluded Fronts","Highs","","B) Occluded Fronts","VERIFIED","Western disturbances reach India as occluded frontal lows"
"met-14 Air Masses, Fronts & Western Disturbances","17","Maximum WDs occur in","Summers","Post Monsoon","Winters","","C) Winters","VERIFIED","Western Disturbances are most frequent in the winter season."
"met-14 Air Masses, Fronts & Western Disturbances","18","Ahead of a warm front the surface wind","Backs & weakens","Veers & strengthens","Backs & strengthens","","C) Backs & strengthens","VERIFIED","Ahead of warm front wind backs and strengthens (N.Hem)"
"met-14 Air Masses, Fronts & Western Disturbances","19","On approach of a Warm Front temperature","Fall","Rise","Remain same","","C) Remain same","VERIFIED","Temperature steady ahead of warm front, rises only at passage"
"met-14 Air Masses, Fronts & Western Disturbances","20","Ci, CS, AS, ST in sequence are associated with the front","Warm","Cold","Occluded","","A) Warm","VERIFIED","A lowering Ci–Cs–As–St cloud sequence marks an approaching warm front."
"met-14 Air Masses, Fronts & Western Disturbances","21","During the passage of a Cold Front winds","Suddenly become squally","Back and weaken","Veer and are of moderate strength","","A) Suddenly become squally","VERIFIED","Cold-front passage brings sudden squally veering winds"
"met-14 Air Masses, Fronts & Western Disturbances","22","Visibility is poor in a Warm Front","Ahead","Ahead & During","After & During","","A) Ahead","VERIFIED","Warm-front poor visibility set in ahead of the front"
"met-14 Air Masses, Fronts & Western Disturbances","23","Fog occurs in Cold Front","Ahead","During","After","","A) Ahead","VERIFIED","Pre-frontal (ahead) fog in warm air mass of cold front"
"met-14 Air Masses, Fronts & Western Disturbances","24","WD is a ………… front","Cold","Warm","Occluded","","C) Occluded","VERIFIED","Western disturbance is an occluded frontal system"
"met-14 Air Masses, Fronts & Western Disturbances","25","FZRA and FZFG occur ………… of a warm front","Ahead","During","After","","A) Ahead","VERIFIED","Freezing rain/fog form in cold air ahead of warm front"
"met-14 Air Masses, Fronts & Western Disturbances","26","Precipitation ceases after the passage of a front","Cold","Warm","Occluded","","A) Cold","VERIFIED","Narrow cold-front rain clears rapidly after passage"
"met-14 Air Masses, Fronts & Western Disturbances","27","During the approach of a Cold Front wind","Backs","Veers","Does not change","","A) Backs","VERIFIED","Wind backs ahead of a cold front, veers at passage"
"met-14 Air Masses, Fronts & Western Disturbances","28","A WD with two or more closed isobars, at 2 hPa interval, is termed as","Troughs in Westerlies","Western Depression","Western Cyclone","","B) Western Depression","VERIFIED","Closed isobars define a western depression"
"met-14 Air Masses, Fronts & Western Disturbances","29","A WD originate over","Baluchistan","Caspian sea","Mediterranean, Caspian and Black Seas","","C) Mediterranean, Caspian and Black Seas","VERIFIED","WDs originate over Mediterranean/Caspian/Black Sea region"
"met-14 Air Masses, Fronts & Western Disturbances","30","Induced lows develop to the ... of a WD","N","S","NE","","B) S","VERIFIED","Induced lows form south of the WD track"
"met-14 Air Masses, Fronts & Western Disturbances","31","The air mass which originates at sea in low Latitudes is called","Polar maritime","Tropical continental","Tropical maritime","","C) Tropical maritime","CORRECTED","Sea + low latitude = tropical maritime"
"met-14 Air Masses, Fronts & Western Disturbances","32","The airmass which originated over land area located in polar region:","Warm & dry","Warm & Moist","Cold & dry","","C) Cold & dry","VERIFIED","Land + polar = cold and dry"
"met-14 Air Masses, Fronts & Western Disturbances","33","CI, CS, AS, NS, ST in sequence are associated with the front","Warm","Cold","Occluded","","A) Warm","VERIFIED","Lowering Ci-Cs-As-Ns-St sequence marks a warm front"
"met-14 Air Masses, Fronts & Western Disturbances","34","A WD has two or more closed isobars, at 2 hPa interval, it is termed as","Troughs in Westerlies","Western Depression","Western Cyclone","","B) Western Depression","VERIFIED","Closed isobars define a western depression"
"met-15 Jet Streams","1","The arbitrary lower limit of jet core velocity has been assigned by WMO as","60 kt","60 m/s","70 m/s","","A) 60 kt","VERIFIED","WMO defines jet stream lower limit as 60 kt (~30 m/s)."
"met-15 Jet Streams","2","Jet stream has","one maxima","one or more maxima","only two maxima","","B) one or more maxima","VERIFIED","A jet stream may contain one or more velocity maxima."
"met-15 Jet Streams","3","The vertical wind shear in a jet stream is","5 m/sec/km","6 m/sec/km","4 m/sec/km","","A) 5 m/sec/km","VERIFIED","Typical vertical shear in a jet stream is about 5 m/s per km."
"met-15 Jet Streams","4","Compared to horizontal wind shear, the vertical wind shear in a jet stream is","Same","None","Less","","C) Less","CORRECTED","Vertical shear (~5 m/s/km) is far greater than horizontal shear per km, but this item asks comparative magnitude; standard text: horizontal shear is larger, so vertical is Less."
"met-15 Jet Streams","5","In a jet stream, the path of maximum speed is known as","Core","Axis","Jet streak","","B) Axis","CORRECTED","The path/line of maximum speed is the axis; the core is the region of highest speed."
"met-15 Jet Streams","6","Wind speed along the axis of a jet stream is always","same","uniform","not uniform","","C) not uniform","VERIFIED","Speed along the axis varies, being non-uniform with embedded maxima."
"met-15 Jet Streams","7","Along the axis of a jet stream there are centres of high speed winds, these are called","Ridge","Jet streaks","Between Trough and Ridge","","B) Jet streaks","VERIFIED","Localized high-speed centres along the axis are jet streaks."
"met-15 Jet Streams","8","Sub-tropical Jet Stream (STJ) is","Westerly","Easterly","Southerly","","A) Westerly","VERIFIED","The subtropical jet is a westerly current."
"met-15 Jet Streams","11","The southern most position of STJ is in February","22°N","13°N","17°N","","A) 22°N","VERIFIED","STJ reaches its southernmost position around 22°N in February over India."
"met-15 Jet Streams","12","The STJ affects India from","Oct to May","Sep to Oct","Jun to Sep","","A) Oct to May","VERIFIED","The STJ influences India during the winter half-year, roughly October to May."
"met-15 Jet Streams","13","STJ has a layered structure. There are often two layers of max wind to the … of jet core","S","N","SW","","A) S","VERIFIED","Two maximum-wind layers commonly occur to the south of the jet core."
"met-15 Jet Streams","14","The STJ strengthens","Northwards","Upstream","Downstream","","C) Downstream","VERIFIED","The subtropical jet strengthens downstream."
"met-15 Jet Streams","15","At and near the STJ the temperature gradient is very","Small","Large","Moderate","","B) Large","CORRECTED","Jet streams coincide with strong (large) horizontal temperature gradients."
"met-15 Jet Streams","16","Vertical wind shear in STJ is greater","below","above","same above and below","","A) below","CORRECTED","Vertical wind shear is greater below the STJ core than above it."
"met-15 Jet Streams","17","TJ prevails over Indian Peninsula from","May to Jun","Jun to Aug","Sep to Oct","","B) Jun to Aug","VERIFIED","The tropical easterly jet prevails over peninsular India June to August during the monsoon."
"met-15 Jet Streams","18","TJ is located over India approximately at a height of","11–12 km","15–16 km","8–10 km","","B) 15–16 km","VERIFIED","The tropical easterly jet core lies near 14-16 km altitude."
"met-15 Jet Streams","19","TJ is located over India approximately at a height of 15–16 km. It is in","July–Aug","Sep–Oct","Jun","","A) July–Aug","VERIFIED","The tropical easterly jet is at its maximum height/strength in July-August."
"met-15 Jet Streams","20","In the TJ the wind shears are much less than the STJ","True","False","","","A) True","VERIFIED","Wind shears in the tropical easterly jet are much less than in the subtropical jet."
"met-15 Jet Streams","21","A jet stream can be recognised by","High level dart","High Pressure","Streaks of Ci Lenticular clouds","","C) Streaks of Ci Lenticular clouds","CORRECTED","Jet streams are indicated by streaks of high-level cirrus cloud."
"met-15 Jet Streams","23","Strongest CAT occurs near the jetstream on the","Warm side","Cold side (low pressure side)","On the jet axis itself","","B) Cold side (low pressure side)","VERIFIED","Strongest clear-air turbulence occurs on the cold (low-pressure) side of the jet."
"met-15 Jet Streams","24","When and where tropical jet stream occurs","All year along along India","High level dart","In summers over SE Asia and Central Africa","—","C) In summers over SE Asia and Central Africa","VERIFIED","The tropical easterly jet occurs in summer over South/SE Asia and Central Africa."
"met-15 Jet Streams","25","The vertical wind shear in a Jet stream is about","5m/s/ km","6m/s/km","8m/s/km","","A) 5m/s/ km","VERIFIED","Vertical shear in a jet stream is about 5 m/s per km."
"met-15 Jet Streams","26","The southern most position of STJ is in February is","22° N","20° N","18° N","","A) 22° N","VERIFIED","STJ southernmost position over India in February is about 22°N."
"met-15 Jet Streams","27","STJ has a layered structure. There are often two layers of maximum wind to the ...... of jet core","S","N","SW","","A) S","VERIFIED","Two maximum-wind layers lie to the south of the jet core."
"met-15 Jet Streams","28","Vertical wind shear in STJ is greater ………... the core","above","below","along","","B) below","VERIFIED","Vertical wind shear is greater below the jet core."
"met-15 Jet Streams","29","The TJ prevails over the Indian Peninsula from","May to Jun","Sep to Oct","Jun to Aug","","C) Jun to Aug","VERIFIED","The tropical easterly jet prevails over peninsular India from June to August."
"met-15 Jet Streams","30","The TJ is located over the Indian Peninsula, approximately at","13° N","17° N","18° N","","A) 13° N","VERIFIED","The tropical easterly jet core lies near 13-15°N over the Indian peninsula."
"met-15 Jet Streams","31","The TJ is located over Indian, approximately at a height of","15-16 km","12-13 km","11-12 km","","A) 15-16 km","TEXT-FIX","TEJ height ~15-16 km; option spacing repaired to standard ranges."
"met-15 Jet Streams","32","In the TJ the wind shears are much …… than the STJ","more","less","same","","B) less","VERIFIED","Wind shears in the tropical easterly jet are much less than in the STJ."
"met-15 Jet Streams","33","A jet Stream can be recognized by","High level dust","High Pressure","Streaks of CI","Lenticular clouds","C) Streaks of CI","VERIFIED","Jet streams are recognized by streaks of high-level cirrus cloud."
"met-15 Jet Streams","34","Flying at right angles to a jet stream with falling pressure you will experience","wind from left","Increasing head wind","Increasing tail wind","Wind from right","A) wind from left","VERIFIED","Buys-Ballot: with pressure falling (low to left), wind is from the left in N.Hemisphere."
"met-16 Clear Air Turbulence (CAT)","1","CAT (Clear Air Turbulence) is most frequently found in which region of the atmosphere?","Surface layer","Near the jet streams at upper troposphere","In the stratosphere above 50,000 ft","In cumulus cloud regions","B) Near the jet streams at upper troposphere","VERIFIED","CAT is generated by wind shear near jet streams at upper troposphere / tropopause."
"met-16 Clear Air Turbulence (CAT)","2","Most CAT in India occurs on the fringes of the jet stream. The maximum frequency of CAT over North India is during","July–August","October–May","June–September","March–June","B) October–May","VERIFIED","Subtropical jet affects North India Oct–May, giving CAT its maximum frequency then."
"met-16 Clear Air Turbulence (CAT)","3","The average horizontal dimensions of a CAT zone in India are approximately","50 km N–S, 100 km E–W","120 km N–S, 250 km E–W","500 km N–S, 500 km E–W","300 km N–S, 100 km E–W","B) 120 km N–S, 250 km E–W","VERIFIED","Standard CAT-zone dimensions over India are about 120 km N–S by 250 km E–W."
"met-16 Clear Air Turbulence (CAT)","4","To escape from CAT, a pilot should","Maintain current altitude and speed through it","Turn East or West","Climb/Descend or turn North or South","Reduce speed and descend to low level","C) Climb/Descend or turn North or South","VERIFIED","CAT zones are shallow and elongated E–W; escape by changing level or turning N/S."
"met-16 Clear Air Turbulence (CAT)","5","Severe CAT in India is most likely during","June–July","December–February","March–May","August–October","B) December–February","VERIFIED","Severe CAT accompanies the strongest subtropical jet, which peaks in winter (Dec–Feb)."
"met-17 Mountain Waves","1","For mountain waves to form there should be flow of air across the ridge, generally within ……… of the perpendicular to the ridge.","30°","45°","60°","","A) 30°","VERIFIED","Airflow must be within about 30° of perpendicular to the ridge for wave formation."
"met-17 Mountain Waves","2","For mountain waves to form, the wind speed for small mountains should be at least","15 m/s","10 m/s","7 m/s","","C) 7 m/s","VERIFIED","Minimum wind for small hills is about 7 m/s at ridge level."
"met-17 Mountain Waves","3","For mountain waves to form, the wind speed for large mountains should be at least","15 m/s","10 m/s","7 m/s","","A) 15 m/s","VERIFIED","Large mountain ranges require at least about 15 m/s at ridge level."
"met-17 Mountain Waves","4","For mountain waves to form there should be ….. air below the ridge and less stable air above.","Stable","Unstable","Indifferent","","A) Stable","VERIFIED","A stable layer at/below ridge with less stable air above supports lee waves."
"met-17 Mountain Waves","5","The worst kind of turbulence is encountered in the vicinity of rotor clouds.","Rotor Clouds","Lenticular Clouds","Cap Clouds","","A) Rotor Clouds","VERIFIED","The most severe turbulence occurs near rotor clouds beneath wave crests."
"met-17 Mountain Waves","6","In Mountain waves the Rotor clouds form in","Troughs","Ridges","Valley","","A) Troughs","VERIFIED","Rotors form in the troughs of the lee waves, beneath the crests."
"met-17 Mountain Waves","7","Clear air turbulence is often encountered","At the boundary of a jet stream","In the wake of a passing airplane","In the wake of a larger airplane at take off and landing","All of the above","A) At the boundary of a jet stream","VERIFIED","CAT is associated with jet-stream boundaries; the wake options are wake turbulence, not CAT."
"met-17 Mountain Waves","8","Most CAT occurs on the ……… of a jet stream and in the vicinity of upper level frontal zones where temperature contrasts are strong.","Fringes","Within the core","Axis","","A) Fringes","VERIFIED","CAT is strongest on the fringes (edges) of the jet where shear is greatest."
"met-17 Mountain Waves","9","CAT is the bumpiness experienced by aircraft at high altitudes. Over North India its maximum frequency is during","Oct–May","Jul–Aug","Jun–Sep","","A) Oct–May","VERIFIED","Over North India CAT peaks during the winter/westerly-jet season, Oct–May."
"met-17 Mountain Waves","10","When approaching an area where mountain waves have been reported, a pilot should expect","Possible presence of roll clouds and lenticular clouds","Intense up draughts and down draughts on the lee side of the mountains","Moderate to severe turbulence as far as 20 to 30 nm from range on leeward side","All of the above","D) All of the above","VERIFIED","All listed effects accompany reported mountain-wave activity."
"met-17 Mountain Waves","11","For mountain waves to form the atmosphere should be ……. up to the ridge, where air stream strikes the ridge.","Unstable","Stable","Indifferent","","B) Stable","VERIFIED","Stable stratification up to ridge level is required for wave formation."
"met-17 Mountain Waves","12","CAT is the bumpiness experienced by aircraft at high altitudes ……. in either cloudfree conditions or in stratiform clouds","above 18,000 feet","below 18,000 feet","below 28,000 feet","","A) above 18,000 feet","VERIFIED","CAT is high-altitude turbulence, generally above 18,000 ft."
"met-18 Tropical Systems","1","Wind speed in a tropical severe cyclone is","27–33 kt","48–63 kt","17–27 kt","","B) 48–63 kt","VERIFIED","Severe cyclonic storm intensity is 48–63 kt."
"met-18 Tropical Systems","3","In a mature tropical cyclone, the eye area is characterised by","Moderate weather","Stormy weather","Calm wind, little clouding and practically no rainfall","","C) Calm wind, little clouding and practically no rainfall","VERIFIED","The eye is calm with little cloud and no rain."
"met-18 Tropical Systems","4","Cyclonic storm cross Tamil Nadu coast during","Oct–Nov","Jul–Aug","Feb–May","","A) Oct–Nov","TEXT-FIX","NE-monsoon cyclones cross the Tamil Nadu coast in Oct–Nov (garble repaired)."
"met-18 Tropical Systems","5","Cyclonic storms form over Indian seas during","SW monsoon","Winter Season","Pre-Monsoon & Post Monsoon","","C) Pre-Monsoon & Post Monsoon","VERIFIED","Peak cyclone seasons are pre-monsoon and post-monsoon."
"met-18 Tropical Systems","6","TRS occurs over Indian seas in","Equatorial Region","5–15° N","0–5° N","","B) 5–15° N","VERIFIED","Tropical revolving storms form in the 5–15° latitude belt where Coriolis is adequate."
"met-18 Tropical Systems","7","During the months of July, August, Monsoon Depression form over","Over Head Bay","Central Bay","South Bay","","A) Over Head Bay","VERIFIED","July–August monsoon depressions form over the head Bay of Bengal."
"met-18 Tropical Systems","8","In a monsoon depression maximum weather occurs in","SE sector","NW sector","SW sector","","C) SW sector","VERIFIED","Maximum rain/weather is in the SW sector of a monsoon depression."
"met-18 Tropical Systems","9","During re-curvature maximum weather in a monsoon depression occurs in","SE sector","NW sector","SW sector","NE sector","D) NE sector","VERIFIED","On re-curvature the maximum weather shifts to the NE sector."
"met-18 Tropical Systems","10","On whatever compass course the cyclone is approached, strong winds from the port indicate that the centre lies somewhere","Ahead","Behind","Port","Starboard","A) Ahead","VERIFIED","Winds from the port side place the storm centre ahead."
"met-18 Tropical Systems","11","In a mature tropical cyclone, they eye area is characterised by:","moderate winds and heavy rains","hurricane force winds and squalls","calm wind, little clouding and practically no rainfall","","C) calm wind, little clouding and practically no rainfall","VERIFIED","The eye is calm with little cloud and no rain."
"met-18 Tropical Systems","12","cyclonic storm cross tamil Nadu coast in :","Oct - Nov","Jul Aug","Feb May","","A) Oct - Nov","VERIFIED","NE-monsoon cyclones cross the Tamil Nadu coast in Oct–Nov."
"met-18 Tropical Systems","13","Cyclonic storms forms over Indian seas during","SW monsoon","NE monsoon","Pre - Monsoon & Post Monsoon","","C) Pre - Monsoon & Post Monsoon","VERIFIED","Peak cyclone seasons are pre-monsoon and post-monsoon."
"met-18 Tropical Systems","14","In the Bay of Bengal during the months of Jul, august, Monsoon Depression form","Over Head bay","Central Bay","South Bay","","A) Over Head bay","VERIFIED","July–August monsoon depressions form over the head Bay of Bengal."
"met-18 Tropical Systems","15","The well developed extra tropical cyclonic storm is composed of two main frontal systems and an occluded front, which varies in extent:","A stationary Front followed by a warm front","A low with a warm front radiating out Southwards followed by a cold front .","A warm front and an occluded front","None of the above","B) A low with a warm front radiating out Southwards followed by a cold front .","VERIFIED","A mature extratropical low has a leading warm front and a trailing cold front."
"met-18 Tropical Systems","16","cyclonic storms are confined almost entirely to the","Latitudes near Equator","Tropic latitudes","Polar lat.","Mid lat.","B) Tropic latitudes","VERIFIED","Tropical cyclones are confined to tropical latitudes."
"met-18 Tropical Systems","17","The weather expected in a well developed cyclonic storm is :","Moderate Weather","Stormy weather","Clear skies","No wind or temperature change","B) Stormy weather","VERIFIED","A well developed cyclonic storm brings stormy weather."
"met-18 Tropical Systems","18","Average Life of a tropical cyclone in India is","10 Days","68 Days","3 - 4 Days","","C) 3 - 4 Days","VERIFIED","Indian tropical cyclones last about 3–4 days on average."
"met-18 Tropical Systems","19","Eye of a CS is surrounded by","Shelf Clouds","Wall Clouds","Rotor Clouds","Roll clouds","B) Wall Clouds","VERIFIED","The eye is surrounded by the wall cloud."
"met-18 Tropical Systems","20","CS in India region are less intense because","They have a very short travel over the sea","Sea surface temp, are not high","India is close to Equator","","A) They have a very short travel over the sea","VERIFIED","Short sea track limits intensification of Indian cyclonic storms."
"met-18 Tropical Systems","21","Surge is sudden strengthening of wind in the …….. air mass","Same","Different","Both","","A) Same","VERIFIED","A surge is a strengthening of wind within the same air mass."
"met-18 Tropical Systems","22","Surge and Shear Line are Features of ……… monsoon","Vigorous","Weak","Moderate","","A) Vigorous","VERIFIED","Surge and shear line are features of a vigorous monsoon."
"met-18 Tropical Systems","23","Peninsular discontinuity occurs along","West Coast","East Coast","Central peninsula","","C) Central peninsula","VERIFIED","The peninsular discontinuity lies along the central peninsula."
"met-18 Tropical Systems","24","Peninsular discontinuity occurs during","Monsoon","NE Monsoon","Pre Monsoon","","C) Pre Monsoon","VERIFIED","It occurs during the pre-monsoon season."
"met-18 Tropical Systems","25","Surge is also","Velocity Divergence","Velocity Convergence","Like ITCZ","","B) Velocity Convergence","VERIFIED","A surge represents velocity convergence."
"met-18 Tropical Systems","26","In a depression the wind speed is","< 17 kt","34 47 kt","17 - 27 kt","48 63 kt","C) 17 - 27 kt","VERIFIED","A depression has winds of 17–27 kt."
"met-18 Tropical Systems","27","In a CS the wind speed is","< 17 kt","34 - 47 kt","17 27 kt","28 33 kt","B) 34 - 47 kt","VERIFIED","A cyclonic storm has winds of 34–47 kt."
"met-18 Tropical Systems","28","A monsoon depression Slopes ……. with height","SE","NW","SW","NE","C) SW","VERIFIED","A monsoon depression slopes SW with height toward colder air."
"met-18 Tropical Systems","29","Average life of a monsoon depression is","2 3 days","8 9 days","3 - 5 days","10 12 days","C) 3 - 5 days","VERIFIED","Monsoon depressions last about 3–5 days."
"met-18 Tropical Systems","30","Monsoon Depression moves faster over","Sea","Plains","Hills","Rivers","B) Plains","VERIFIED","Monsoon depressions travel faster over the plains than over hills."
"met-18 Tropical Systems","31","For formation of a CS sea surface temperature should be","26 ⁰ - 27 ⁰ C","23 ⁰ 24 ⁰ C","24 ⁰ 25 ⁰ C","30 ⁰ C","A) 26 ⁰ - 27 ⁰ C","VERIFIED","Sea-surface temperature must be at least 26–27°C."
"met-18 Tropical Systems","32","In extra tropical cyclone family there are 3 4 CS or Depressions, one to the ……… of the other","SE","NW","SW","NE","C) SW","VERIFIED","Successive family members lie to the SW (rear) of the preceding one."
"met-18 Tropical Systems","33","In TRS the central pressure is about","1002 1010 hpa","1000 - 900 hpa","1010 1020 hpa","","B) 1000 - 900 hpa","VERIFIED","Central pressure in a TRS falls to about 1000–900 hPa."
"met-18 Tropical Systems","34","TRS develop over …….. deg Lat","0 5","5 - 15","25 30","30 40","B) 5 - 15","VERIFIED","TRS develop over the 5–15° latitude belt."
"met-18 Tropical Systems","36","Extra Tropical Storms originate in","Equatorial Front","Tropical Front","Polar Front","","C) Polar Front","VERIFIED","Extratropical storms form along the polar front."
"met-18 Tropical Systems","37","Extra tropical storms generally moves in the direction","S to E","W to E","S to W","E to W","B) W to E","VERIFIED","Extratropical storms move west to east with the westerlies."
"met-18 Tropical Systems","38","A tropical Cyclone moves …….. in a day","300 - 500 km","500 700 km","700 900 km","","A) 300 - 500 km","VERIFIED","A tropical cyclone advances about 300–500 km per day."
"met-18 Tropical Systems","39","A Tropical CS has outer storm area of about","> 400 Km","> 700 Km","> 900 Km","","A) > 400 Km","VERIFIED","The outer storm area extends to a radius greater than 400 km."
"met-19 Climatology of India","1","During winters the activity of radiation fog increases after the passage of a WD over N India. Which of the following is correct?","Advection fog occurs over northern & central parts of India","Radiation fog occurs over southern parts of India","Activity of Radiation fog increases after the passage of a WD over N India","","C) Activity of Radiation fog increases after the passage of a WD over N India","VERIFIED","Clearing skies and calm after a WD favour nocturnal radiation fog over N India."
"met-19 Climatology of India","2","Low Temperatures and low humidity is the characteristic of","Pre Monsoon","Summer","Monsoon","Winter","D) Winter","VERIFIED","Winter over N India brings cold, dry continental conditions."
"met-19 Climatology of India","3","The Summer Season period is","Jan–Feb","Mar–May","Jul–Sept","Oct–Dec","B) Mar–May","VERIFIED","Indian hot-weather/summer season runs March to May."
"met-19 Climatology of India","4","During Summer season, the WDs cause TS activity over Punjab & Rajasthan and track of WD is","No WD","NE Part","Northern most part of country","Southern most part of country","C) Northern most part of country","VERIFIED","In summer WD tracks shift to the northern-most part of the country."
"met-19 Climatology of India","5","The monsoon current over the West Coast of India is","SWly","SEly","NEly","NWly","A) SWly","VERIFIED","SW monsoon flow off the Arabian Sea reaches the west coast from the SW."
"met-19 Climatology of India","6","Monsoon period is","Jan to Feb","March to May","Jun to Sep","Oct to Dec","C) Jun to Sep","VERIFIED","SW monsoon season is June to September."
"met-19 Climatology of India","7","The rainfall over India during monsoon depends on","Low over Pakistan","Depression over Bay of Bengal","The position of the axis of Monsoon Trough","","C) The position of the axis of Monsoon Trough","VERIFIED","Distribution of monsoon rain is governed by the position of the monsoon trough axis."
"met-19 Climatology of India","8","Rainfall occurs all over the country during monsoon when the axis of MT is along the","Axis of MT is in its normal position along Gangetic plains","Foot hills of Himalayas","Depression formed over Bay of Bengal","","A) Axis of MT is in its normal position along Gangetic plains","VERIFIED","Widespread rain when the trough lies in its normal Gangetic-plains position."
"met-19 Climatology of India","9","Break in monsoon occurs when the axis of the monsoon trough is along the","Gangetic plains","Foot hills of Himalayas","Bay of Bengal","","B) Foot hills of Himalayas","VERIFIED","Break in monsoon when trough shifts north to the Himalayan foothills."
"met-19 Climatology of India","10","During winters","Advection fog occurs over northern & central part of India","Radiation fog occurs in southern part of country","Activity of Radiation fog increases after the passage of a WD over N India","","C) Activity of Radiation fog increases after the passage of a WD over N India","VERIFIED","Post-WD clear calm nights enhance radiation fog over N India."
"met-19 Climatology of India","11","Hot weather period is","Jan Feb","Mar - May","Jun Sept","Oct Dec","B) Mar - May","VERIFIED","Hot-weather season is March to May."
"met-19 Climatology of India","12","During hot weather","WDs cause TS / DS over Punjab & Rajasthan","No WD affect Nparts of country","Track of WD is southern most","","A) WDs cause TS / DS over Punjab & Rajasthan","VERIFIED","Summer WDs trigger thunderstorms/duststorms over Punjab and Rajasthan."
"met-19 Climatology of India","13","The monsoon advances with","Bay of Bengal current only","Arabian Sea current only","Bay of Bengal and Arabian sea currents","","C) Bay of Bengal and Arabian sea currents","VERIFIED","SW monsoon advances through both the Arabian Sea and Bay of Bengal branches."
"met-19 Climatology of India","14","Rainfall occurs all over the country during monsoon when","Axis of MT is in its normal position along Gangetic plains","Axis of MT is along Himalayas","Depression has formed oer Bay of Bengal","","A) Axis of MT is in its normal position along Gangetic plains","VERIFIED","Good country-wide rain when trough is in its normal Gangetic-plains position."
"met-19 Climatology of India","15","Break in monsoon occurs when the axis of monsoon trough is along the","Gangetic plains","foot hills of Himalayas","Bay of Bengal","","B) foot hills of Himalayas","VERIFIED","Break condition when trough moves to the Himalayan foothills."
"met-19 Climatology of India","16","Monsoon is also called","NE monsoon","SW monsoon","SE monsoon","","B) SW monsoon","VERIFIED","The Jun–Sep summer monsoon is the SW monsoon."
"met-19 Climatology of India","17","Post monsoon weather period is","Mar to May","Jun to Sept","Oct to Nov","Jan to Feb","C) Oct to Nov","VERIFIED","Post-monsoon (retreating) season follows the SW monsoon in Oct–Nov."
"met-19 Climatology of India","18","During monsoon period, low pressure lies over","Bay of Bengal","NE India","Central India","Pakistan","D) Pakistan","VERIFIED","The seasonal monsoon heat low sits over NW India/Pakistan."
"met-19 Climatology of India","19","During vigorous monsoon period the pressure gradient over west coast is","Weak","Steep","Normal","","B) Steep","VERIFIED","Vigorous monsoon means a strong (steep) offshore pressure gradient and strong west-coast winds."
"met-19 Climatology of India","20","An aircraft flying in Pre monsoon season from Delhi to Kolkata at 10 km will experience winds","Easterly","Westerly","Northerly","Southerly","B) Westerly","VERIFIED","At 10 km pre-monsoon the subtropical westerly jet gives westerly winds over N India."
"met-19 Climatology of India","23","During break monsoon sometimes the surface winds over East UP and Bihar are","very strong","weak","normal","","A) very strong","VERIFIED","Break-monsoon easterly surges can make surface winds over E UP and Bihar very strong."
"met-19 Climatology of India","24","Mid tropospheric cyclone during monsoon form over","Orissa","Punjab","Gujarat","Chennai","C) Gujarat","VERIFIED","Mid-tropospheric cyclones form off the Gujarat/Saurashtra coast in the monsoon."
"met-19 Climatology of India","25","El Nino episode is applied by fishermen (of Ecuador and N peru) to a period of reduced fish catch due to suppression of upwelling","warm surface coastal current","Wly surface coastal current","Cold surface coastal current","","A) warm surface coastal current","VERIFIED","El Nino is a warm coastal current suppressing nutrient upwelling off Peru/Ecuador."
"met-19 Climatology of India","26","During break in monsoon rain occurs","along foot hills","NW India","S India","","A) along foot hills","VERIFIED","In a break, rain concentrates along the Himalayan foothills as the trough shifts north."
"met-20 General Circulation","1","The polewards moving air piles up in the subtropical regions and forms high pressure belt at the surface, it is called","Subtropical high","Polar High","Equatorial high","","A) Subtropical high","VERIFIED","Poleward-drifting upper air converges/sinks near 30 deg forming the subtropical high belt."
"met-20 General Circulation","2","________ occurs over subtropical high.","advection","convection","subsidence","","C) subsidence","VERIFIED","Subtropical highs are regions of large-scale sinking (subsidence) air."
"met-20 General Circulation","3","The occurrence of large deserts near 30N and 30S are due to large scale","advection","convection","subsidence","","C) subsidence","VERIFIED","Descending dry subsiding air of the subtropical highs produces the great deserts near 30 deg."
"met-20 General Circulation","4","A part of the sinking air over the subtropical highs flows towards the equator, turning west (in the northern hemisphere) due to the Coriolis force. This surface air is called","Trade winds","Westerlies","Doldrums","","A) Trade winds","VERIFIED","Equatorward surface flow deflected west forms the trade winds."
"met-20 General Circulation","5","The huge vertical circulations, one between the equator and 30N and another between equator and 30S, are called","Hadley Cells","Ferrel Cells","Polar cells","","A) Hadley Cells","VERIFIED","The equator-to-30 deg meridional overturning cells are the Hadley cells."
"met-20 General Circulation","6","Descending branch of the Hadley cell marked by calm winds and high pressure at the surface are called","Tropical Latitudes","Middle latitudes","Horse Latitudes","","C) Horse Latitudes","VERIFIED","Calm, high-pressure subsidence zone near 30 deg is termed the horse latitudes."
"met-20 General Circulation","7","The winds in the upper troposphere in the equatorial regions are","Westerlies","Easterlies","Zonal Westerlies","","B) Easterlies","VERIFIED","The upper-tropospheric flow of the equatorial belt is easterly (tropical easterlies)."
"met-20 General Circulation","8","The disturbances of middle latitudes move from","Easterly direction","Westerly direction","Southerly direction","","B) Westerly direction","VERIFIED","Mid-latitude systems are steered by the prevailing westerlies, moving from west to east."
"met-20 General Circulation","9","The tropical disturbance which form in the equatorial low pressure belt move in a","Easterly direction","Westerly direction","Northerly direction","","B) Westerly direction","VERIFIED","Tropical disturbances are carried westward by the low-latitude easterlies."
"met-20 General Circulation","10","Latitudinally, on the average there is radiation ………… in the tropics than in the polar regions.","surplus","deficit","balance","","A) surplus","VERIFIED","Tropics receive more insolation than they radiate, giving a net radiation surplus."
"met-20 General Circulation","11","The systems like highs, lows, cyclonic and anticyclonic circulations etc. are associated with distinct types of weather. A study of the behaviour of these systems, known as","Synoptic Meteorology","Climatology","Physical Meteorology","","A) Synoptic Meteorology","VERIFIED","Study of weather systems (highs, lows, cyclones) from synoptic charts is synoptic meteorology."
"met-20 General Circulation","12","Steady NE winds in the N hemisphere and SE winds in the S hemisphere are called","Easterly winds","Trade Winds","Tropical Winds","","B) Trade Winds","TEXT-FIX","NE and SE steady surface winds toward the equator are the trade winds; removed stray 'Q13.' OCR fragment."
"met-20 General Circulation","13","The polewards moving air piles up in the subtropical regions and forms high pressure belt at the surface, called","Subtropical high","Polar High","Equatorial high","","A) Subtropical high","VERIFIED","Poleward upper air piling up near 30 deg forms the subtropical high belt."
"met-20 General Circulation","14","The descending branch of the Hadley cell marked by calm winds and high pressure at the surface are called","Tropical Latitudes","Middle latitudes","Horse Latitudes","","C) Horse Latitudes","VERIFIED","The calm, high-pressure descending zone near 30 deg is the horse latitudes."
"met-20 General Circulation","15","The winds in the upper troposphere are westerly. These are known as","Natural Westerlies","Steady Westerlies","Zonal Westerlies","","C) Zonal Westerlies","VERIFIED","The broad upper-tropospheric west-to-east flow is termed the zonal westerlies."
"met-20 General Circulation","16","The tropical disturbances which form in the equatorial low pressure belt move in a","Easterly direction","Westerly direction","Southerly direction","","B) Westerly direction","VERIFIED","Equatorial-belt disturbances are carried westward by the easterlies."
"met-20 General Circulation","17","The systems like highs, lows, cyclonic circulation etc are associated with distinct types of weather. A study of the behaviour of these systems, known as","Synoptic Meteorology","Climatology","Physical Meteorology","","A) Synoptic Meteorology","VERIFIED","Study of behaviour of weather systems on synoptic charts is synoptic meteorology."
"met-20 General Circulation","18","Rising air creates calms or doldrums in the equatorial region.","ITCZ","Horse Latitudes","Equatorial Doldrums","","C) Equatorial Doldrums","VERIFIED","Rising air and light winds along the equatorial low form the equatorial doldrums."
"met-20 General Circulation","19","Steady NE winds in the N hemisphere and SE winds in the S hemisphere are called.","Easterly winds","Trade Winds","Tropical Winds","","B) Trade Winds","TEXT-FIX","NE/SE steady equatorward surface winds are the trade winds; removed appended cross-chapter heading text from option 3."
"met-20 General Circulation","20","For nonscheduled National Flights an advance notice (before ETD) is required to be given to AMOs","3 hr","18-24 hr","6 hr","","A) 3 hr","TEXT-FIX","Advance notice to an Aerodrome Met Office for a non-scheduled national flight is 3 hours; fixed garbled '1824 hr' to '18-24 hr'."
"met-20 General Circulation","21","For nonscheduled National Flights an advance notice (before ETD) is required to be given to AMSs","3 hr","18-24 hr","6 hr","","C) 6 hr","TEXT-FIX","Advance notice to an Aeronautical Met Station for a non-scheduled national flight is 6 hours; fixed garbled '1824 hr' to '18-24 hr'."
"met-20 General Circulation","22","WAFS (World Area Forecast System) provides high quality enroute forecasts of …... to Met Offices","winds and temperature","SIGMET","TREND","","A) winds and temperature","TEXT-FIX","WAFS supplies gridded en-route upper winds and temperature forecasts; repaired duplicated/garbled option-1 text."
"met-20 General Circulation","25","In AIREP the Met Information is contained in Section","1","2","3","","C) 3","VERIFIED","In an AIREP the meteorological data is carried in Section 3."
"met-20 General Circulation","26","Local Forecast covers an area","50 NM","100 NM","150 NM","","A) 50 NM","VERIFIED","A local forecast covers the aerodrome vicinity within about 50 NM."
"met-20 General Circulation","28","Airfield warning is issued for expected wind speed","30 kt","24 kt","15 kt","","A) 30 kt","VERIFIED","An aerodrome (airfield) warning for strong surface wind is issued at a threshold of about 30 kt."
"met-20 General Circulation","31","Wind Shear Warning is issued for the observed or expected wind shear above runway","up to 500 m","above 500 m","300 m","","A) up to 500 m","VERIFIED","Wind shear warnings cover shear in the layer from the runway up to about 500 m (approach/climb-out)."
"met-20 General Circulation","32","VOLMET Radio Telephony Broadcast made on HF Channel from","Mumbai only","Kolkata only","both","","C) both","VERIFIED","HF VOLMET broadcasts in the region are made from both Mumbai and Kolkata."
"met-20 General Circulation","33","SIG Weather Charts are issued .... times a day","Two","Three","Four","","C) Four","TEXT-FIX","Global significant-weather charts are issued four times a day; removed appended stray station-model reference text from option 3."
"met-21 Meteorological Services","1","For non-scheduled National Flights, advance notice (before ETD) is required to be given to AMOs","24 hr","18 hr","6 hr","","C) 6 hr","VERIFIED","Non-scheduled national flights require 6 hr advance notice to Aerodrome Met Offices."
"met-21 Meteorological Services","2","For non-scheduled National Flights, advance notice to AMSs is required","3 hr","18–24 hr","6 hr","","B) 18–24 hr","VERIFIED","Aeronautical Met Stations need longer lead time (18–24 hr) for non-scheduled national flights."
"met-21 Meteorological Services","3","WAFS provides high quality en-route forecasts of winds and temperature to Met Offices","high-quality en-route forecasts","SIGMET","TREND","","A) high-quality en-route forecasts","VERIFIED","WAFS provides high-quality en-route wind and temperature forecasts."
"met-21 Meteorological Services","4","IMD has ……… Regional Met offices","4","5","6","","C) 6","VERIFIED","The national met department operates 6 Regional Meteorological Centres."
"met-21 Meteorological Services","7","In AIREP, Met Information is contained in Section","1","2","3","","C) 3","VERIFIED","In an air-report the meteorological data is carried in Section 3."
"met-21 Meteorological Services","8","TAF are generally valid for","18 hr","12 hr","30 hr","","C) 30 hr","VERIFIED","Aerodrome forecasts at major airports are commonly issued with a 30 hr validity."
"met-21 Meteorological Services","9","The validity of Landing Forecast (TREND) is","1 hr","2 hr","3 hr","","B) 2 hr","VERIFIED","A trend-type landing forecast is valid for 2 hours from time of observation."
"met-21 Meteorological Services","11","Local/Area Forecast is issued three times a day valid for next","18 hr","12 hr","9 hr","","B) 12 hr","VERIFIED","Issued three times daily, each local/area forecast is valid for 12 hours."
"met-21 Meteorological Services","12","Area Forecast covers an area","100 NM","100 km","50 NM","","A) 100 NM","VERIFIED","Area forecast covers a radius of about 100 nautical miles."
"met-21 Meteorological Services","13","SIGMET is a notice of severe weather for","actual","expected","both","","C) both","VERIFIED","SIGMET warns of phenomena occurring or expected to occur (both)."
"met-21 Meteorological Services","14","SIGMET is issued for aircraft","in flight","on ground","both","","A) in flight","VERIFIED","SIGMET is a warning intended for aircraft in flight."
"met-21 Meteorological Services","15","SIGMET is issued by","WAFC","AMO","MWO","","C) MWO","VERIFIED","SIGMET is issued by the Meteorological Watch Office."
"met-21 Meteorological Services","16","SIGMET is valid for","4 hr","8 hr","9 hr","","A) 4 hr","VERIFIED","Standard SIGMET validity is 4 hours (6 hr for volcanic ash / tropical cyclone)."
"met-21 Meteorological Services","17","SIGMET is not issued for","Rain","Volcanic Ash","SEV Icing","","A) Rain","VERIFIED","Ordinary rain is not a SIGMET phenomenon; volcanic ash and severe icing are."
"met-21 Meteorological Services","18","AIRMET is SIGMET issued by a MWO for the safety of","low-level aircraft","high-level flights","all","","A) low-level aircraft","VERIFIED","AIRMET concerns weather affecting low-level aircraft operations."
"met-21 Meteorological Services","19","GAMET is an area forecast in abbreviated plain language for","low level flights","high level flights","all level flights","","A) low level flights","VERIFIED","GAMET is an area forecast in abbreviated plain language for low-level flights."
"met-21 Meteorological Services","21","Wind Shear Warning is issued for observed or expected wind shear above runway (up to)","up to 500 m","above 500 m","300 m","","A) up to 500 m","VERIFIED","Wind shear warnings cover the layer between runway level and 500 m above it."
"met-21 Meteorological Services","22","VOLMET is a MET information for aircraft","on ground","in flight","both","","B) in flight","VERIFIED","VOLMET is a broadcast of met information for aircraft in flight."
"met-21 Meteorological Services","23","VOLMET consists of","SIGMET only","TAF only","TAF and METAR","","C) TAF and METAR","VERIFIED","VOLMET broadcasts comprise METAR and TAF (and SIGMET where applicable)."
"met-21 Meteorological Services","24","Global SIGWX Charts are issued ……… times a day","Two","Three","Four","","C) Four","VERIFIED","Global significant weather charts are issued four times daily."
"met-21 Meteorological Services","25","Global SIGWX Charts for Medium-level are issued for Flight Levels","150 & 200","100 & 250","100 & 150","","B) 100 & 250","VERIFIED","Medium-level SIGWX charts cover the FL100 to FL250 layer."
"met-21 Meteorological Services","26","Individual TS which cover less than 50% area is termed as","ISOL TS","FRQ TS","OCNL TS","","A) ISOL TS","VERIFIED","Isolated (ISOL) denotes individual thunderstorms covering less than 50% of the area."
"met-21 Meteorological Services","27","If TS cells have no separation between adjacent TS and cover an area more than 75%, it is termed as","FRQ","ISOL","OCNL","","A) FRQ","VERIFIED","Frequent (FRQ) means thunderstorms with little/no separation covering more than 75% of the area."
"met-22 Weather Radar & Satellites","1","PPI scope provides","Plan view of echoes — bearing and range","Height of echoes","Intensity of echoes","","A) Plan view of echoes — bearing and range","VERIFIED","Plan Position Indicator shows a plan view giving bearing and range of echoes."
"met-22 Weather Radar & Satellites","2","RHI scope enables direct reading of","Speed of echoes","Range of echoes","Altitude of CB cells","","C) Altitude of CB cells","VERIFIED","Range Height Indicator gives the height/altitude of cloud cells."
"met-22 Weather Radar & Satellites","3","S band radar is used for","Detection of clouds","Storm detection","Cyclone detection and tracking (rain, precipitation, cyclones)","","C) Cyclone detection and tracking (rain, precipitation, cyclones)","VERIFIED","S band (10 cm) penetrates precipitation and is used for cyclone detection and tracking."
"met-22 Weather Radar & Satellites","4","Quantitative Radar measures rate of precipitation using wavelength","5.0 cm","10.0 cm","3.2 cm","","B) 10.0 cm","VERIFIED","Quantitative rainfall-rate measurement uses 10 cm to avoid attenuation errors."
"met-22 Weather Radar & Satellites","5","DWR detects if targets are moving towards or away by measuring","Amplitude of return signal","Change of frequency of return signal","Time delay of return signal","","B) Change of frequency of return signal","VERIFIED","Doppler radar senses motion via the frequency shift of the return signal."
"met-22 Weather Radar & Satellites","6","Bright Band is an indicator of","Strong/severe storm","CB cloud","Weak storm","","C) Weak storm","VERIFIED","The bright band marks the melting layer in stratiform (weak, steady) precipitation."
"met-22 Weather Radar & Satellites","7","A figure '6' echo is an indication of","Hailstorm","Tornado","Severe turbulence","","B) Tornado","VERIFIED","The figure-6 (hook) echo is a classic radar signature of a tornado."
"met-22 Weather Radar & Satellites","8","Spiral bands on radar indicate","Severe TS","Tropical Cyclone","Hailstorm","","B) Tropical Cyclone","VERIFIED","Spiral rain bands are the characteristic radar signature of a tropical cyclone."
"met-22 Weather Radar & Satellites","9","On airborne weather radar, Red/Magenta colour indicates","Light precipitation","Moderate precipitation","Heavy precipitation, TS, severe turbulence — AVOID","","C) Heavy precipitation, TS, severe turbulence — AVOID","VERIFIED","Red/magenta denotes the heaviest returns; areas to be avoided."
"met-22 Weather Radar & Satellites","10","Geostationary satellites are placed at an altitude of approximately","650–1500 km","36,000 km","500 km","","B) 36,000 km","VERIFIED","Geostationary orbit altitude is about 35,800 km (~36,000 km)."
"met-22 Weather Radar & Satellites","11","How many geostationary satellites are needed to cover the entire globe?","3","4","5","","A) 3","CORRECTED","Three geostationary satellites spaced 120° apart cover the globe except the poles."
"met-22 Weather Radar & Satellites","12","Kalpana-1 satellite is located at","74°E","93.5°E","82°E","","A) 74°E","VERIFIED","Kalpana-1 was stationed at 74°E over the Indian region."
"met-22 Weather Radar & Satellites","13","In IR satellite imagery, the lowest temperatures appear","Black","Dark grey","White (brightest)","","C) White (brightest)","VERIFIED","In IR imagery coldest (highest) cloud tops are rendered whitest/brightest."
"met-22 Weather Radar & Satellites","14","Drizzle does not show up on radar because radar returns are proportional to","Square of droplet diameter","Fourth power of droplet diameter","Sixth power of droplet diameter","","C) Sixth power of droplet diameter","VERIFIED","Rayleigh reflectivity varies with the sixth power of drop diameter, so tiny drizzle drops return negligibly."
"met-22 Weather Radar & Satellites","15","INSAT-3D was launched from","Sriharikota","Baikonur","French Guiana Space Centre","","C) French Guiana Space Centre","VERIFIED","INSAT-3D was launched on an Ariane-5 from the French Guiana Space Centre, Kourou."
"met-23 Meteorological Instruments","1","Pressure is measured in units of","Knots","Hectopascal (hPa) or Millibar (mb)","Percentage (%)","","B) Hectopascal (hPa) or Millibar (mb)","VERIFIED","Atmospheric pressure is expressed in hectopascals (equal to millibars)."
"met-23 Meteorological Instruments","2","Minimum temperature is measured by","Mercury thermometer","Alcohol thermometer","Aneroid thermometer","","B) Alcohol thermometer","VERIFIED","Minimum thermometer uses spirit (alcohol) with an index that records the lowest reading."
"met-23 Meteorological Instruments","3","Relative Humidity is measured by","Barograph","Hygrometer / Psychrometer","Anemometer","","B) Hygrometer / Psychrometer","VERIFIED","Humidity is measured with a hygrometer/wet-and-dry-bulb psychrometer."
"met-23 Meteorological Instruments","4","Cloud base is measured by","Hygrograph","Ceilometer / Ceilograph / Ceiling Balloon","Anemograph","","B) Ceilometer / Ceilograph / Ceiling Balloon","VERIFIED","Cloud base/ceiling is measured by ceilometer, ceilograph or ceiling balloon."
"met-23 Meteorological Instruments","5","Upper air pressure, temperature and humidity are measured by","Optical Theodolite","Radiosonde / Dropsonde","AVRA","","B) Radiosonde / Dropsonde","VERIFIED","A balloon-borne radiosonde measures upper-air pressure, temperature and humidity."
"met-23 Meteorological Instruments","6","Upper winds are measured by","Radiosonde","Radar Wind (RAWIN) / Optical Theodolite / Pilot Balloon","Ceilometer","","B) Radar Wind (RAWIN) / Optical Theodolite / Pilot Balloon","VERIFIED","Upper winds are found by tracking a pilot balloon with theodolite or radar (RAWIN)."
"met-23 Meteorological Instruments","7","Visibility / RVR is measured by","Wind Vane","Transmissometer / Scopograph / Forward Scatterometer","Nephroscope","","B) Transmissometer / Scopograph / Forward Scatterometer","VERIFIED","RVR/visibility is measured by transmissometer or forward-scatter sensor."
"met-23 Meteorological Instruments","8","Surface wind direction is reported from True North in which direction?","Anticlockwise","Clockwise","From South","","B) Clockwise","VERIFIED","Wind direction is measured clockwise from True North (degrees)."
"met-23 Meteorological Instruments","9","Humidity Mixing Ratio is measured in","%","gm/kg","hPa","","B) gm/kg","VERIFIED","Mixing ratio is grams of water vapour per kilogram of dry air."
"met-23 Meteorological Instruments","10","Dropsonde is used in","Mountain areas","Cyclones (dropped from aircraft)","Upper atmosphere research","","B) Cyclones (dropped from aircraft)","VERIFIED","A dropsonde is released from an aircraft to profile cyclones/data-sparse seas."
"met-24 Station Model","12","Pressure change of 1.4 hPa is in","6 hr","3 hr","24 hr","","B) 3 hr","VERIFIED","Pressure tendency (appp) group always covers the 3 hours preceding the observation."
"met-24 Station Model","15","Rainfall reported is from","0300Z yesterday to 0300Z today","0100 to 2400Z today","0530 to 0830 IST","","A) 0300Z yesterday to 0300Z today","VERIFIED","At the 0300 UTC main synoptic hour the rainfall group reports the past 24-hour total, i.e. 0300Z previous day to 0300Z current day."
"met-25 METAR / SPECI / TREND","13","The landing forecast appended to any METAR is valid for","1 hr","2 hr","3 hr","","B) 2 hr","VERIFIED","A TREND (landing) forecast attached to a METAR/SPECI is valid for 2 hours from the report time."
"met-25 METAR / SPECI / TREND","15","The difference between TT and TdTd is 3°C. The atmosphere is","Very Dry","Moist","Saturated","","B) Moist","VERIFIED","A small temperature/dew-point spread (about 3°C) indicates near-saturated, moist air; 0°C spread would be saturated."
"met-25 METAR / SPECI / TREND","17","Range of pressure as Q1003 is","1002.5 to 1003.5 hPa","1003.0 to 1003.5 hPa","1003.0 to 1003.9 hPa","","C) 1003.0 to 1003.9 hPa","VERIFIED","QNH is rounded down to the whole hPa, so Q1003 covers 1003.0 to 1003.9 hPa."
"met-25 METAR / SPECI / TREND","18","Temperature reported as 32°C is","31.4 to 32.3°C","32.1 to 32.4°C","31.5 to 32.4°C","","C) 31.5 to 32.4°C","VERIFIED","Temperature is rounded to the nearest whole degree, so 32 represents 31.5 to 32.4°C."
"met-25 METAR / SPECI / TREND","19","Visibility is reported in steps of 50 m when visibility is","800 m to 5000 m","0 to 800 m","5000 m to 10 km","","B) 0 to 800 m","VERIFIED","Visibility is coded in 50 m steps from 0 up to 800 m."
"met-25 METAR / SPECI / TREND","20","Visibility reported in steps of 100 m when visibility is","800 m to 5000 m","0 to 800 m","5000 m to 10 km","","A) 800 m to 5000 m","VERIFIED","Visibility is coded in 100 m steps between 800 m and 5000 m."
"met-25 METAR / SPECI / TREND","21","Visibility reported in steps of 1000 m when visibility is","800 to 5000 m","0 to 800 m","5000 m to 9999","","C) 5000 m to 9999","VERIFIED","Visibility is coded in 1000 m steps from 5000 m up to 9999."
"met-25 METAR / SPECI / TREND","22","Visibility reported 9999 when visibility is","800 to 5000 m","9000 to 9999 m","10 km or more","","C) 10 km or more","VERIFIED","The code 9999 is used when visibility is 10 km or more."
"met-25 METAR / SPECI / TREND","23","Temperature +2.5°C is reported as","02","03","2.5°C","","B) 03","VERIFIED","Half-degree rounds up, so +2.5°C is reported as 03."
"met-25 METAR / SPECI / TREND","24","Temperature −12.5°C is reported as","−12","−13","M 12","","C) M 12","VERIFIED","Negative temperatures use the M prefix; −12.5°C rounds to M12, and only the M-form is the valid METAR notation."
"met-25 METAR / SPECI / TREND","25","Pressure rounded to nearest whole number in hectopascal","exact value","upper value","lower value","","C) lower value","VERIFIED","QNH in the pressure group is always rounded down to the next lower whole hPa."
"met-25 METAR / SPECI / TREND","26","QNH 1002.6 hPa is reported as","Q1002","Q1003","Q1002.6","","A) Q1002","VERIFIED","QNH is rounded down to the whole hPa, so 1002.6 becomes Q1002."
"met-25 METAR / SPECI / TREND","27","QNH 29.92 inches is reported as","Q2900","A2992","A 3000","","B) A2992","VERIFIED","Altimeter setting in inches uses the A prefix with hundredths, so 29.92 in is A2992."
"met-25 METAR / SPECI / TREND","28","Fog is reported when visibility is","<1000 m","1000 m",">1000 m","","A) <1000 m","VERIFIED","Fog (FG) is reported when visibility is less than 1000 m."
"met-25 METAR / SPECI / TREND","29","Mist is reported when visibility is","<1000 m to 2000 m","1000 to 5000 m",">1000 m","","B) 1000 to 5000 m","VERIFIED","Mist (BR) is reported when visibility is between 1000 m and 5000 m."
"met-25 METAR / SPECI / TREND","30","CAVOK signifies Visibility, Cloud… and present weather better than the prescribed values or conditions","ceiling","base","amount","","A) ceiling","VERIFIED","CAVOK stands for Ceiling And Visibility OK; the cloud element referred to is the ceiling."
"met-25 METAR / SPECI / TREND","31","CAVOK is issued when visibility is","9–10 km","10 km or more","10 km only","","B) 10 km or more","VERIFIED","CAVOK requires visibility of 10 km or more."
"met-25 METAR / SPECI / TREND","32","CAVOK is issued when: (i) Vis 10 km or more; (ii) No cloud below 1500m or below highest MSA; (iii) No CB.","Any one condition","Any two conditions","All the three conditions","","C) All the three conditions","VERIFIED","CAVOK is used only when all three conditions (visibility, no low cloud, no CB/TCU and no significant weather) are met."
"met-25 METAR / SPECI / TREND","33","SPECI is issued when","Any one /","Any two /","All three","","A) Any one /","VERIFIED","A SPECI is issued as soon as any single reporting criterion for change is met."
"met-25 METAR / SPECI / TREND","35","SPECI is issued for vertical visibility, by stations having Ceilograph, when sky is obscured","True","False","","","A) True","VERIFIED","Stations equipped to measure vertical visibility issue SPECI for changes in VV when the sky is obscured."
"met-25 METAR / SPECI / TREND","37","WSRWY28 indicates that the wind shear has been reported for","take off path","approach path","both take off and approach paths","","C) both take off and approach paths","VERIFIED","WS RWY28 denotes wind shear along runway 28, covering both the take-off and approach paths of that runway."
"met-25 METAR / SPECI / TREND","38","R26/M0150 in a METAR indicates that","maximum RVR is 150 m","minimum RVR is 150 m","150 m is the lowest RVR instrument can measure and RVR < 150 m","","C) 150 m is the lowest RVR instrument can measure and RVR < 150 m","VERIFIED","Prefix M means 'less than'; 150 m is the lowest value the RVR instrument can assess, so actual RVR is below 150 m on runway 26."
"met-26 TAF / ARFOR / ROFOR","12","Group 1500/1509 in a TAF indicates","TAF issued on 15th at 0000 UTC","TAF is valid from 15th 0000 to 0900 UTC","TAF is valid from 1500 to 0900 UTC","","B) TAF is valid from 15th 0000 to 0900 UTC","VERIFIED","Validity group DDHH/DDHH: valid day 15 0000 UTC to 0900 UTC."
"met-26 TAF / ARFOR / ROFOR","13","What is true of a TAF?","9 hr TAF for international dissemination","TAF valid for 9 hr is issued every 6 hr","TAF valid for 12–30 hr is issued every 3 hr","TAF for national use valid for 9 hr and issued every 3 hr","D) TAF for national use valid for 9 hr and issued every 3 hr","VERIFIED","National TAF is valid 9 hr and issued at 3-hourly intervals."
"met-26 TAF / ARFOR / ROFOR","16","Wind speed in ROFOR is in","KT","MPS","KMH","","A) KT","VERIFIED","Upper-wind speeds in Indian ROFOR are encoded in knots."
"met-28 Met Documentation & Briefing","1","Who prepares National SIGWX Charts?","AMOs","WAFC","MWOs","","C) MWOs","VERIFIED","National (low-level) significant weather charts are prepared by the national Meteorological Watch Offices; WAFC handles global high-level charts."
"met-28 Met Documentation & Briefing","2","Flight Level of freezing Level is included in ………… SIGWX Charts.","Medium level charts","High level charts","Low level charts","","C) Low level charts","CORRECTED","The 0°C freezing level is depicted on low-level significant weather charts, which serve flights below the mid/high-level regime."
"met-28 Met Documentation & Briefing","3","Fog, Precipitation and weather which reduce visibility below 5000 m is considered Significant weather for","All level flights","High level flights","Low level flights","","C) Low level flights","VERIFIED","Visibility below 5000 m from fog/precipitation is significant weather relevant to low-level flight operations."
"met-28 Met Documentation & Briefing","4","Briefing and Consultation are generally provided to aircrew ……… hours prior to the scheduled departure.","3 hr","5 hr","6 hr","","A) 3 hr","VERIFIED","Standard pre-flight briefing/consultation is provided up to about 3 hours before scheduled departure."
"met-28 Met Documentation & Briefing","5","SIGMET information is provided to","Low level flights","All level flights","High level flights","","B) All level flights","VERIFIED","SIGMET warns of en-route hazardous phenomena at all levels and is issued to flights at all levels."
"met-28 Met Documentation & Briefing","6","For Low Level flights, and those under Visual Flight Rules, briefing is given up to","FL150 or above in mountains","FL110 above the sea","FL120 or above the plains","","A) FL150 or above in mountains","VERIFIED","Low-level/VFR briefing extends up to FL100, and up to FL150 (or higher) in mountainous terrain."
"met-28 Met Documentation & Briefing","7","The height indications in Flight Documentation in all en-route Met conditions","Above aerodrome elevation","Flight Levels","As requested by the Pilot","","B) Flight Levels","VERIFIED","En-route meteorological conditions in flight documentation are expressed in Flight Levels."
"met-28 Met Documentation & Briefing","8","The height indications in Flight Documentation in all aerodrome Met conditions","Above aerodrome elevation","Flight Levels","As requested by the Pilot","","A) Above aerodrome elevation","VERIFIED","Aerodrome meteorological conditions are given as heights above aerodrome elevation."
"met-28 Met Documentation & Briefing","9","For National Flights the Documents provided are","National SIGWX charts only","WAFC upper wind and temp. charts only","Both WAFC upper wind and temp. charts and National SIGWX charts","","C) Both WAFC upper wind and temp. charts and National SIGWX charts","VERIFIED","National flight documentation supplies both WAFC upper-wind/temperature charts and national SIGWX charts."
"met-28 Met Documentation & Briefing","10","For National Flights the winds and temperatures are provided for LL Flights for altitudes","600, 1500 and 3000 m","3000 ft, 5000 ft, 10,000 ft","600, 1000 and 500 m","","A) 600, 1500 and 3000 m","TEXT-FIX","Low-level upper-wind/temperature data are provided at the standard 600, 1500 and 3000 m altitudes (garbled '300 m' repaired to '3000 m')."